-- phpMyAdmin SQL Dump
-- version 5.1.1
-- https://www.phpmyadmin.net/
--
-- Host: 127.0.0.1:3306
-- Generation Time: Nov 16, 2023 at 07:18 AM
-- Server version: 10.5.19-MariaDB-cll-lve
-- PHP Version: 7.2.34

SET SQL_MODE = "NO_AUTO_VALUE_ON_ZERO";
START TRANSACTION;
SET time_zone = "+00:00";


/*!40101 SET @OLD_CHARACTER_SET_CLIENT=@@CHARACTER_SET_CLIENT */;
/*!40101 SET @OLD_CHARACTER_SET_RESULTS=@@CHARACTER_SET_RESULTS */;
/*!40101 SET @OLD_COLLATION_CONNECTION=@@COLLATION_CONNECTION */;
/*!40101 SET NAMES utf8mb4 */;

--
-- Database: `u280714611_control_tour`
--

-- --------------------------------------------------------

--
-- Table structure for table `bonus_degrees`
--

CREATE TABLE `bonus_degrees` (
  `id` int(11) NOT NULL,
  `degree_group1` int(11) NOT NULL,
  `degree_group2` int(11) NOT NULL,
  `degree_group3` int(11) NOT NULL,
  `degree_group4` int(11) NOT NULL,
  `created_at` timestamp NOT NULL DEFAULT current_timestamp() ON UPDATE current_timestamp(),
  `updated_at` timestamp NULL DEFAULT NULL
) ENGINE=InnoDB DEFAULT CHARSET=utf8mb4 COLLATE=utf8mb4_general_ci;

--
-- Dumping data for table `bonus_degrees`
--

INSERT INTO `bonus_degrees` (`id`, `degree_group1`, `degree_group2`, `degree_group3`, `degree_group4`, `created_at`, `updated_at`) VALUES
(1, 28, 28, 28, 30, '2023-06-19 08:42:02', '2023-01-20 11:35:48');

-- --------------------------------------------------------

--
-- Table structure for table `departments`
--

CREATE TABLE `departments` (
  `id` int(11) NOT NULL,
  `name` varchar(100) NOT NULL,
  `created_at` timestamp NOT NULL DEFAULT current_timestamp() ON UPDATE current_timestamp(),
  `updated_at` timestamp NULL DEFAULT NULL
) ENGINE=InnoDB DEFAULT CHARSET=utf8mb4 COLLATE=utf8mb4_general_ci;

--
-- Dumping data for table `departments`
--

INSERT INTO `departments` (`id`, `name`, `created_at`, `updated_at`) VALUES
(1, 'سياحة و فنادق', '2023-05-16 10:40:10', NULL),
(2, 'أرشاد', '2023-05-17 08:36:33', NULL),
(3, 'سياحة', '2023-05-17 08:05:24', NULL),
(4, 'ضيافة', '2023-06-19 11:10:22', NULL),
(5, 'ترميم اثار', '2023-05-17 08:05:53', NULL),
(6, 'ترميم المباني و المشغولات الغير عضوية', '2023-05-17 08:07:45', NULL),
(7, 'ترميم المشغولات العضوية', '2023-05-17 08:08:00', NULL),
(8, 'ترميم اللوحات الفنية', '2023-05-17 08:08:07', NULL);

-- --------------------------------------------------------

--
-- Table structure for table `failed_jobs`
--

CREATE TABLE `failed_jobs` (
  `id` bigint(20) UNSIGNED NOT NULL,
  `uuid` varchar(255) NOT NULL,
  `connection` text NOT NULL,
  `queue` text NOT NULL,
  `payload` longtext NOT NULL,
  `exception` longtext NOT NULL,
  `failed_at` timestamp NOT NULL DEFAULT current_timestamp()
) ENGINE=InnoDB DEFAULT CHARSET=utf8mb4 COLLATE=utf8mb4_unicode_ci;

-- --------------------------------------------------------

--
-- Table structure for table `groups`
--

CREATE TABLE `groups` (
  `id` int(11) NOT NULL,
  `name` varchar(100) NOT NULL,
  `created_at` timestamp NOT NULL DEFAULT current_timestamp() ON UPDATE current_timestamp(),
  `updated_at` timestamp NULL DEFAULT NULL
) ENGINE=InnoDB DEFAULT CHARSET=utf8mb4 COLLATE=utf8mb4_general_ci;

--
-- Dumping data for table `groups`
--

INSERT INTO `groups` (`id`, `name`, `created_at`, `updated_at`) VALUES
(1, 'الفرقة الاولي', '2022-02-24 09:03:14', NULL),
(2, 'الفرقة الثانية', '2022-02-24 09:03:14', NULL),
(3, 'الفرقة الثالثة', '2022-02-24 09:03:14', NULL),
(4, 'الفرقة الرابعة', '2022-02-24 09:03:14', NULL),
(5, 'خريجين', '2023-06-05 09:07:26', NULL);

-- --------------------------------------------------------

--
-- Table structure for table `migrations`
--

CREATE TABLE `migrations` (
  `id` int(10) UNSIGNED NOT NULL,
  `migration` varchar(255) NOT NULL,
  `batch` int(11) NOT NULL
) ENGINE=InnoDB DEFAULT CHARSET=utf8mb4 COLLATE=utf8mb4_unicode_ci;

--
-- Dumping data for table `migrations`
--

INSERT INTO `migrations` (`id`, `migration`, `batch`) VALUES
(1, '2014_10_12_000000_create_users_table', 1),
(2, '2014_10_12_100000_create_password_resets_table', 1),
(3, '2019_08_19_000000_create_failed_jobs_table', 1),
(4, '2019_12_14_000001_create_personal_access_tokens_table', 1);

-- --------------------------------------------------------

--
-- Table structure for table `password_resets`
--

CREATE TABLE `password_resets` (
  `email` varchar(255) NOT NULL,
  `token` varchar(255) NOT NULL,
  `created_at` timestamp NULL DEFAULT NULL
) ENGINE=InnoDB DEFAULT CHARSET=utf8mb4 COLLATE=utf8mb4_unicode_ci;

-- --------------------------------------------------------

--
-- Table structure for table `pivot_gds`
--

CREATE TABLE `pivot_gds` (
  `id` int(11) NOT NULL,
  `group_id` int(11) NOT NULL,
  `department_id` int(11) NOT NULL,
  `specialize_id` int(11) NOT NULL
) ENGINE=InnoDB DEFAULT CHARSET=utf8mb4 COLLATE=utf8mb4_general_ci;

--
-- Dumping data for table `pivot_gds`
--

INSERT INTO `pivot_gds` (`id`, `group_id`, `department_id`, `specialize_id`) VALUES
(1, 1, 1, 1),
(2, 1, 5, 1),
(3, 2, 1, 1),
(4, 2, 2, 1),
(5, 2, 5, 1),
(6, 3, 2, 1),
(7, 3, 3, 1),
(8, 3, 4, 1),
(9, 3, 6, 1),
(10, 3, 7, 1),
(11, 3, 8, 1),
(12, 4, 2, 1),
(13, 4, 3, 2),
(14, 4, 3, 3),
(24, 4, 3, 6),
(15, 4, 4, 4),
(16, 4, 4, 5),
(17, 4, 4, 6),
(18, 4, 6, 7),
(19, 4, 6, 8),
(20, 4, 7, 9),
(21, 4, 7, 10),
(22, 4, 8, 11),
(23, 4, 8, 12);

-- --------------------------------------------------------

--
-- Table structure for table `results`
--

CREATE TABLE `results` (
  `id` int(11) NOT NULL,
  `yearsemester_id` int(11) NOT NULL,
  `students_id` int(11) NOT NULL,
  `subjects_id` int(11) NOT NULL,
  `written` int(11) DEFAULT NULL,
  `kpis` int(11) NOT NULL,
  `applied` int(3) NOT NULL,
  `bonus` int(11) NOT NULL,
  `grade` varchar(11) NOT NULL,
  `created_at` timestamp NOT NULL DEFAULT current_timestamp() ON UPDATE current_timestamp(),
  `updated_at` timestamp NULL DEFAULT NULL
) ENGINE=InnoDB DEFAULT CHARSET=utf8mb4 COLLATE=utf8mb4_general_ci;

--
-- Dumping data for table `results`
--

INSERT INTO `results` (`id`, `yearsemester_id`, `students_id`, `subjects_id`, `written`, `kpis`, `applied`, `bonus`, `grade`, `created_at`, `updated_at`) VALUES
(1, 4, 1, 237, 32, 18, 9, 0, 'مقبول', '2023-11-15 15:00:25', '2023-11-15 15:00:25'),
(2, 4, 2, 237, 25, 17, 8, 0, 'مقبول', '2023-11-15 15:00:25', '2023-11-15 15:00:25'),
(3, 4, 3, 237, 24, 18, 8, 0, 'مقبول', '2023-11-15 15:00:25', '2023-11-15 15:00:25'),
(4, 4, 4, 237, 40, 19, 9, 0, 'جيد', '2023-11-15 15:00:25', '2023-11-15 15:00:25'),
(5, 4, 5, 237, 35, 17, 8, 0, 'مقبول', '2023-11-15 15:00:25', '2023-11-15 15:00:25'),
(6, 4, 6, 237, 23, 18, 9, 0, 'مقبول', '2023-11-15 15:00:25', '2023-11-15 15:00:25'),
(7, 4, 7, 237, 27, 16, 7, 0, 'مقبول', '2023-11-15 15:00:25', '2023-11-15 15:00:25'),
(8, 4, 8, 237, 21, 20, 9, 0, 'مقبول', '2023-11-15 15:00:25', '2023-11-15 15:00:25'),
(9, 4, 9, 237, 22, 19, 9, 0, 'مقبول', '2023-11-15 15:00:25', '2023-11-15 15:00:25'),
(10, 4, 10, 237, 50, 19, 9, 0, 'جيد جدا', '2023-11-15 15:00:25', '2023-11-15 15:00:25'),
(11, 4, 11, 237, 22, 19, 9, 0, 'مقبول', '2023-11-15 15:00:25', '2023-11-15 15:00:25'),
(12, 4, 12, 237, 28, 17, 8, 0, 'مقبول', '2023-11-15 15:00:25', '2023-11-15 15:00:25'),
(13, 4, 13, 237, 30, 17, 8, 0, 'مقبول', '2023-11-15 15:00:26', '2023-11-15 15:00:26'),
(14, 4, 14, 237, 23, 18, 9, 0, 'مقبول', '2023-11-15 15:00:26', '2023-11-15 15:00:26'),
(15, 4, 15, 237, 27, 17, 8, 0, 'مقبول', '2023-11-15 15:00:26', '2023-11-15 15:00:26'),
(16, 4, 16, 237, 22, 19, 9, 0, 'مقبول', '2023-11-15 15:00:26', '2023-11-15 15:00:26'),
(17, 4, 17, 237, 25, 17, 8, 0, 'مقبول', '2023-11-15 15:00:26', '2023-11-15 15:00:26'),
(18, 4, 18, 237, 22, 19, 9, 0, 'مقبول', '2023-11-15 15:00:26', '2023-11-15 15:00:26'),
(19, 4, 19, 237, 33, 17, 8, 0, 'مقبول', '2023-11-15 15:00:26', '2023-11-15 15:00:26'),
(20, 4, 20, 237, 28, 16, 8, 0, 'مقبول', '2023-11-15 15:00:26', '2023-11-15 15:00:26'),
(21, 4, 21, 237, 24, 18, 8, 0, 'مقبول', '2023-11-15 15:00:26', '2023-11-15 15:00:26'),
(22, 4, 22, 237, 27, 16, 8, 0, 'مقبول', '2023-11-15 15:00:26', '2023-11-15 15:00:26'),
(23, 4, 23, 237, 25, 18, 8, 0, 'مقبول', '2023-11-15 15:00:26', '2023-11-15 15:00:26'),
(24, 4, 24, 237, 30, 17, 8, 0, 'مقبول', '2023-11-15 15:00:26', '2023-11-15 15:00:26'),
(25, 4, 25, 237, 15, 7, 3, 0, 'ضعيف جدا', '2023-11-15 15:00:26', '2023-11-15 15:00:26'),
(26, 4, 26, 237, 40, 17, 8, 0, 'جيد', '2023-11-15 15:00:26', '2023-11-15 15:00:26'),
(27, 4, 27, 237, 24, 18, 8, 0, 'مقبول', '2023-11-15 15:00:26', '2023-11-15 15:00:26'),
(28, 4, 28, 237, 26, 17, 8, 0, 'مقبول', '2023-11-15 15:00:26', '2023-11-15 15:00:26'),
(29, 4, 29, 237, 33, 18, 8, 0, 'مقبول', '2023-11-15 15:00:26', '2023-11-15 15:00:26'),
(30, 4, 30, 237, 12, 7, 3, 0, 'ضعيف جدا', '2023-11-15 15:00:26', '2023-11-15 15:00:26'),
(31, 4, 31, 237, 22, 19, 9, 0, 'مقبول', '2023-11-15 15:00:26', '2023-11-15 15:00:26'),
(32, 4, 32, 237, 30, 17, 8, 0, 'مقبول', '2023-11-15 15:00:26', '2023-11-15 15:00:26'),
(33, 4, 33, 237, 26, 17, 8, 0, 'مقبول', '2023-11-15 15:00:26', '2023-11-15 15:00:26'),
(34, 4, 34, 237, 21, 20, 9, 0, 'مقبول', '2023-11-15 15:00:26', '2023-11-15 15:00:26'),
(35, 4, 35, 237, 5, 7, 3, 0, 'ضعيف جدا', '2023-11-15 15:00:26', '2023-11-15 15:00:26'),
(36, 4, 36, 237, 32, 17, 8, 0, 'مقبول', '2023-11-15 15:00:26', '2023-11-15 15:00:26'),
(37, 4, 37, 237, 29, 16, 8, 0, 'مقبول', '2023-11-15 15:00:26', '2023-11-15 15:00:26'),
(38, 4, 38, 237, 29, 16, 8, 0, 'مقبول', '2023-11-15 15:00:26', '2023-11-15 15:00:26'),
(39, 4, 39, 237, 22, 19, 9, 0, 'مقبول', '2023-11-15 15:00:26', '2023-11-15 15:00:26'),
(40, 4, 40, 237, 25, 17, 8, 0, 'مقبول', '2023-11-15 15:00:26', '2023-11-15 15:00:26'),
(41, 4, 41, 237, 24, 18, 8, 0, 'مقبول', '2023-11-15 15:00:26', '2023-11-15 15:00:26'),
(42, 4, 42, 237, 30, 17, 8, 0, 'مقبول', '2023-11-15 15:00:26', '2023-11-15 15:00:26'),
(43, 4, 43, 237, 7, 7, 3, 0, 'ضعيف جدا', '2023-11-15 15:00:26', '2023-11-15 15:00:26'),
(44, 4, 44, 237, 9, 7, 3, 0, 'ضعيف جدا', '2023-11-15 15:00:26', '2023-11-15 15:00:26'),
(45, 4, 45, 237, 23, 18, 9, 0, 'مقبول', '2023-11-15 15:00:27', '2023-11-15 15:00:27'),
(46, 4, 46, 237, 9, 7, 3, 0, 'ضعيف جدا', '2023-11-15 15:00:27', '2023-11-15 15:00:27'),
(47, 4, 47, 237, 4, 7, 3, 0, 'ضعيف جدا', '2023-11-15 15:00:27', '2023-11-15 15:00:27'),
(48, 4, 48, 237, 29, 16, 8, 0, 'مقبول', '2023-11-15 15:00:27', '2023-11-15 15:00:27'),
(49, 4, 49, 237, 35, 17, 8, 0, 'مقبول', '2023-11-15 15:00:27', '2023-11-15 15:00:27'),
(50, 4, 50, 237, 24, 18, 8, 0, 'مقبول', '2023-11-15 15:00:27', '2023-11-15 15:00:27'),
(51, 4, 51, 237, 22, 19, 9, 0, 'مقبول', '2023-11-15 15:00:27', '2023-11-15 15:00:27'),
(52, 4, 52, 237, 22, 19, 9, 0, 'مقبول', '2023-11-15 15:00:27', '2023-11-15 15:00:27'),
(53, 4, 53, 237, 27, 17, 8, 0, 'مقبول', '2023-11-15 15:00:27', '2023-11-15 15:00:27'),
(54, 4, 54, 237, 24, 18, 8, 0, 'مقبول', '2023-11-15 15:00:27', '2023-11-15 15:00:27'),
(55, 4, 55, 237, 9, 7, 3, 0, 'ضعيف جدا', '2023-11-15 15:00:27', '2023-11-15 15:00:27'),
(56, 4, 56, 237, 9, 7, 3, 0, 'ضعيف جدا', '2023-11-15 15:00:27', '2023-11-15 15:00:27'),
(57, 4, 57, 237, 9, 7, 3, 0, 'ضعيف جدا', '2023-11-15 15:00:27', '2023-11-15 15:00:27'),
(58, 4, 58, 237, 9, 7, 3, 0, 'ضعيف جدا', '2023-11-15 15:00:27', '2023-11-15 15:00:27'),
(59, 4, 59, 237, 12, 7, 3, 0, 'ضعيف جدا', '2023-11-15 15:00:27', '2023-11-15 15:00:27'),
(60, 4, 60, 237, 12, 7, 3, 0, 'ضعيف جدا', '2023-11-15 15:00:27', '2023-11-15 15:00:27'),
(61, 4, 61, 237, 21, 20, 9, 0, 'مقبول', '2023-11-15 15:00:27', '2023-11-15 15:00:27'),
(62, 4, 62, 237, 21, 20, 9, 0, 'مقبول', '2023-11-15 15:00:27', '2023-11-15 15:00:27'),
(63, 4, 63, 237, 21, 20, 9, 0, 'مقبول', '2023-11-15 15:00:27', '2023-11-15 15:00:27'),
(64, 4, 64, 237, 21, 20, 9, 0, 'مقبول', '2023-11-15 15:00:27', '2023-11-15 15:00:27'),
(65, 4, 65, 237, 21, 20, 9, 0, 'مقبول', '2023-11-15 15:00:27', '2023-11-15 15:00:27'),
(66, 4, 66, 237, 21, 20, 9, 0, 'مقبول', '2023-11-15 15:00:27', '2023-11-15 15:00:27'),
(67, 4, 67, 237, 9, 7, 3, 0, 'ضعيف جدا', '2023-11-15 15:00:27', '2023-11-15 15:00:27'),
(68, 4, 68, 237, NULL, 1, 1, 0, 'غياب', '2023-11-15 15:00:27', '2023-11-15 15:00:27'),
(69, 4, 69, 237, 9, 7, 3, 0, 'ضعيف جدا', '2023-11-15 15:00:27', '2023-11-15 15:00:27'),
(70, 4, 70, 237, 7, 3, 2, 0, 'ضعيف جدا', '2023-11-15 15:00:27', '2023-11-15 15:00:27'),
(71, 4, 71, 237, 35, 17, 8, 0, 'مقبول', '2023-11-15 15:00:27', '2023-11-15 15:00:27'),
(72, 4, 72, 237, 26, 17, 8, 0, 'مقبول', '2023-11-15 15:00:27', '2023-11-15 15:00:27'),
(73, 4, 73, 237, 22, 19, 9, 0, 'مقبول', '2023-11-15 15:00:27', '2023-11-15 15:00:27'),
(74, 4, 74, 237, 25, 17, 8, 0, 'مقبول', '2023-11-15 15:00:27', '2023-11-15 15:00:27'),
(75, 4, 75, 237, 21, 20, 9, 0, 'مقبول', '2023-11-15 15:00:27', '2023-11-15 15:00:27'),
(76, 4, 76, 237, NULL, 0, 0, 0, 'غياب', '2023-11-15 15:00:27', '2023-11-15 15:00:27'),
(77, 4, 77, 237, 22, 19, 9, 0, 'مقبول', '2023-11-15 15:00:27', '2023-11-15 15:00:27'),
(78, 4, 78, 237, 25, 17, 8, 0, 'مقبول', '2023-11-15 15:00:28', '2023-11-15 15:00:28'),
(79, 4, 79, 237, 35, 17, 8, 0, 'مقبول', '2023-11-15 15:00:28', '2023-11-15 15:00:28'),
(80, 4, 80, 237, 10, 3, 2, 0, 'ضعيف جدا', '2023-11-15 15:00:28', '2023-11-15 15:00:28'),
(81, 4, 81, 237, 10, 3, 2, 0, 'ضعيف جدا', '2023-11-15 15:00:28', '2023-11-15 15:00:28'),
(82, 4, 82, 237, 25, 17, 8, 0, 'مقبول', '2023-11-15 15:00:28', '2023-11-15 15:00:28'),
(83, 4, 83, 237, 26, 18, 8, 0, 'مقبول', '2023-11-15 15:00:28', '2023-11-15 15:00:28'),
(84, 4, 84, 237, 35, 17, 8, 0, 'مقبول', '2023-11-15 15:00:28', '2023-11-15 15:00:28'),
(85, 4, 85, 237, 25, 17, 8, 0, 'مقبول', '2023-11-15 15:00:28', '2023-11-15 15:00:28'),
(86, 4, 86, 237, 25, 17, 8, 0, 'مقبول', '2023-11-15 15:00:28', '2023-11-15 15:00:28'),
(87, 4, 87, 237, 25, 17, 8, 0, 'مقبول', '2023-11-15 15:00:28', '2023-11-15 15:00:28'),
(88, 4, 88, 237, 25, 17, 8, 0, 'مقبول', '2023-11-15 15:00:28', '2023-11-15 15:00:28'),
(89, 4, 89, 237, NULL, 0, 0, 0, 'غياب', '2023-11-15 15:00:28', '2023-11-15 15:00:28'),
(90, 4, 90, 237, 22, 19, 9, 0, 'مقبول', '2023-11-15 15:00:28', '2023-11-15 15:00:28'),
(91, 4, 91, 237, 22, 19, 9, 0, 'مقبول', '2023-11-15 15:00:28', '2023-11-15 15:00:28'),
(92, 4, 92, 237, 27, 17, 8, 0, 'مقبول', '2023-11-15 15:00:28', '2023-11-15 15:00:28'),
(93, 4, 93, 237, 30, 17, 8, 0, 'مقبول', '2023-11-15 15:00:28', '2023-11-15 15:00:28'),
(94, 4, 94, 237, 32, 18, 8, 0, 'مقبول', '2023-11-15 15:00:28', '2023-11-15 15:00:28'),
(95, 4, 95, 237, 25, 17, 8, 0, 'مقبول', '2023-11-15 15:00:28', '2023-11-15 15:00:28'),
(96, 4, 96, 237, 25, 17, 8, 0, 'مقبول', '2023-11-15 15:00:28', '2023-11-15 15:00:28'),
(97, 4, 97, 237, 22, 19, 9, 0, 'مقبول', '2023-11-15 15:00:28', '2023-11-15 15:00:28'),
(98, 4, 98, 237, 22, 19, 9, 0, 'مقبول', '2023-11-15 15:00:28', '2023-11-15 15:00:28'),
(99, 4, 99, 237, 22, 19, 9, 0, 'مقبول', '2023-11-15 15:00:28', '2023-11-15 15:00:28'),
(100, 4, 1, 238, 15, 13, 8, 0, 'ضعيف', '2023-11-15 15:00:56', '2023-11-15 15:00:56'),
(101, 4, 2, 238, 28, 14, 8, 0, 'مقبول', '2023-11-15 15:00:56', '2023-11-15 15:00:56'),
(102, 4, 3, 238, 34, 14, 6, 0, 'مقبول', '2023-11-15 15:00:56', '2023-11-15 15:00:56'),
(103, 4, 4, 238, 42, 15, 4, 0, 'مقبول', '2023-11-15 15:00:56', '2023-11-15 15:00:56'),
(104, 4, 5, 238, 42, 20, 5, 0, 'جيد', '2023-11-15 15:00:56', '2023-11-15 15:00:56'),
(105, 4, 6, 238, 26, 20, 4, 0, 'مقبول', '2023-11-15 15:00:56', '2023-11-15 15:00:56'),
(106, 4, 7, 238, 31, 15, 5, 0, 'مقبول', '2023-11-15 15:00:56', '2023-11-15 15:00:56'),
(107, 4, 8, 238, 34, 20, 5, 0, 'مقبول', '2023-11-15 15:00:56', '2023-11-15 15:00:56'),
(108, 4, 9, 238, 2, 0, 1, 0, 'ضعيف جدا', '2023-11-15 15:00:56', '2023-11-15 15:00:56'),
(109, 4, 10, 238, 63, 20, 4, 0, 'ممتاز', '2023-11-15 15:00:56', '2023-11-15 15:00:56'),
(110, 4, 11, 238, 24, 20, 6, 0, 'مقبول', '2023-11-15 15:00:56', '2023-11-15 15:00:56'),
(111, 4, 12, 238, 25, 20, 5, 0, 'مقبول', '2023-11-15 15:00:56', '2023-11-15 15:00:56'),
(112, 4, 13, 238, 15, 7, 3, 0, 'ضعيف جدا', '2023-11-15 15:00:56', '2023-11-15 15:00:56'),
(113, 4, 14, 238, 63, 20, 9, 0, 'ممتاز', '2023-11-15 15:00:56', '2023-11-15 15:00:56'),
(114, 4, 15, 238, 31, 20, 5, 0, 'مقبول', '2023-11-15 15:00:56', '2023-11-15 15:00:56'),
(115, 4, 16, 238, 16, 12, 6, 0, 'ضعيف', '2023-11-15 15:00:56', '2023-11-15 15:00:56'),
(116, 4, 17, 238, 38, 20, 8, 0, 'جيد', '2023-11-15 15:00:56', '2023-11-15 15:00:56'),
(117, 4, 18, 238, 50, 20, 8, 0, 'جيد جدا', '2023-11-15 15:00:56', '2023-11-15 15:00:56'),
(118, 4, 19, 238, 47, 18, 5, 0, 'جيد', '2023-11-15 15:00:56', '2023-11-15 15:00:56'),
(119, 4, 20, 238, 30, 20, 8, 0, 'مقبول', '2023-11-15 15:00:56', '2023-11-15 15:00:56'),
(120, 4, 21, 238, 49, 20, 6, 0, 'جيد جدا', '2023-11-15 15:00:56', '2023-11-15 15:00:56'),
(121, 4, 22, 238, 25, 20, 5, 0, 'مقبول', '2023-11-15 15:00:56', '2023-11-15 15:00:56'),
(122, 4, 23, 238, 32, 15, 6, 0, 'مقبول', '2023-11-15 15:00:56', '2023-11-15 15:00:56'),
(123, 4, 24, 238, 48, 20, 7, 0, 'جيد جدا', '2023-11-15 15:00:56', '2023-11-15 15:00:56'),
(124, 4, 25, 238, 49, 20, 9, 0, 'جيد جدا', '2023-11-15 15:00:56', '2023-11-15 15:00:56'),
(125, 4, 26, 238, 62, 20, 6, 0, 'ممتاز', '2023-11-15 15:00:56', '2023-11-15 15:00:56'),
(126, 4, 27, 238, 42, 20, 5, 0, 'جيد', '2023-11-15 15:00:56', '2023-11-15 15:00:56'),
(127, 4, 28, 238, 39, 10, 5, 0, 'مقبول', '2023-11-15 15:00:56', '2023-11-15 15:00:56'),
(128, 4, 29, 238, 52, 20, 5, 0, 'جيد جدا', '2023-11-15 15:00:56', '2023-11-15 15:00:56'),
(129, 4, 30, 238, 31, 20, 7, 0, 'مقبول', '2023-11-15 15:00:56', '2023-11-15 15:00:56'),
(130, 4, 31, 238, 46, 18, 9, 0, 'جيد', '2023-11-15 15:00:57', '2023-11-15 15:00:57'),
(131, 4, 32, 238, 34, 14, 10, 0, 'مقبول', '2023-11-15 15:00:57', '2023-11-15 15:00:57'),
(132, 4, 33, 238, 28, 15, 10, 0, 'مقبول', '2023-11-15 15:00:57', '2023-11-15 15:00:57'),
(133, 4, 34, 238, 23, 18, 9, 0, 'مقبول', '2023-11-15 15:00:57', '2023-11-15 15:00:57'),
(134, 4, 35, 238, 31, 15, 10, 0, 'مقبول', '2023-11-15 15:00:57', '2023-11-15 15:00:57'),
(135, 4, 36, 238, 28, 15, 10, 0, 'مقبول', '2023-11-15 15:00:57', '2023-11-15 15:00:57'),
(136, 4, 37, 238, 33, 15, 5, 0, 'مقبول', '2023-11-15 15:00:57', '2023-11-15 15:00:57'),
(137, 4, 38, 238, 36, 15, 10, 0, 'مقبول', '2023-11-15 15:00:57', '2023-11-15 15:00:57'),
(138, 4, 39, 238, 16, 5, 1, 0, 'ضعيف جدا', '2023-11-15 15:00:57', '2023-11-15 15:00:57'),
(139, 4, 40, 238, 35, 20, 6, 0, 'مقبول', '2023-11-15 15:00:57', '2023-11-15 15:00:57'),
(140, 4, 41, 238, 40, 15, 10, 0, 'جيد', '2023-11-15 15:00:57', '2023-11-15 15:00:57'),
(141, 4, 42, 238, 25, 20, 7, 0, 'مقبول', '2023-11-15 15:00:57', '2023-11-15 15:00:57'),
(142, 4, 43, 238, 28, 12, 10, 0, 'مقبول', '2023-11-15 15:00:57', '2023-11-15 15:00:57'),
(143, 4, 44, 238, 23, 18, 9, 0, 'مقبول', '2023-11-15 15:00:57', '2023-11-15 15:00:57'),
(144, 4, 45, 238, 21, 20, 9, 0, 'مقبول', '2023-11-15 15:00:57', '2023-11-15 15:00:57'),
(145, 4, 46, 238, 30, 13, 10, 0, 'مقبول', '2023-11-15 15:00:57', '2023-11-15 15:00:57'),
(146, 4, 47, 238, 31, 15, 5, 0, 'مقبول', '2023-11-15 15:00:57', '2023-11-15 15:00:57'),
(147, 4, 48, 238, 38, 16, 5, 0, 'مقبول', '2023-11-15 15:00:57', '2023-11-15 15:00:57'),
(148, 4, 49, 238, 41, 20, 4, 0, 'جيد', '2023-11-15 15:00:57', '2023-11-15 15:00:57'),
(149, 4, 50, 238, 21, 20, 9, 0, 'مقبول', '2023-11-15 15:00:57', '2023-11-15 15:00:57'),
(150, 4, 51, 238, 10, 10, 4, 0, 'ضعيف جدا', '2023-11-15 15:00:57', '2023-11-15 15:00:57'),
(151, 4, 52, 238, 0, 0, 0, 0, 'ضعيف جدا', '2023-11-15 15:00:57', '2023-11-15 15:00:57'),
(152, 4, 53, 238, 34, 13, 10, 0, 'مقبول', '2023-11-15 15:00:57', '2023-11-15 15:00:57'),
(153, 4, 54, 238, 42, 20, 6, 0, 'جيد', '2023-11-15 15:00:57', '2023-11-15 15:00:57'),
(154, 4, 55, 238, 22, 20, 8, 0, 'مقبول', '2023-11-15 15:00:57', '2023-11-15 15:00:57'),
(155, 4, 56, 238, 29, 16, 5, 0, 'مقبول', '2023-11-15 15:00:57', '2023-11-15 15:00:57'),
(156, 4, 57, 238, 14, 10, 8, 0, 'ضعيف', '2023-11-15 15:00:57', '2023-11-15 15:00:57'),
(157, 4, 58, 238, 25, 15, 10, 0, 'مقبول', '2023-11-15 15:00:57', '2023-11-15 15:00:57'),
(158, 4, 59, 238, 27, 13, 10, 0, 'مقبول', '2023-11-15 15:00:57', '2023-11-15 15:00:57'),
(159, 4, 60, 238, 23, 17, 10, 0, 'مقبول', '2023-11-15 15:00:57', '2023-11-15 15:00:57'),
(160, 4, 61, 238, 28, 13, 10, 0, 'مقبول', '2023-11-15 15:00:58', '2023-11-15 15:00:58'),
(161, 4, 62, 238, 33, 10, 7, 0, 'مقبول', '2023-11-15 15:00:58', '2023-11-15 15:00:58'),
(162, 4, 63, 238, 35, 10, 8, 0, 'مقبول', '2023-11-15 15:00:58', '2023-11-15 15:00:58'),
(163, 4, 64, 238, 27, 13, 10, 0, 'مقبول', '2023-11-15 15:00:58', '2023-11-15 15:00:58'),
(164, 4, 65, 238, 23, 10, 7, 0, 'ضعيف', '2023-11-15 15:00:58', '2023-11-15 15:00:58'),
(165, 4, 66, 238, 26, 14, 10, 0, 'مقبول', '2023-11-15 15:00:58', '2023-11-15 15:00:58'),
(166, 4, 67, 238, 28, 12, 10, 0, 'مقبول', '2023-11-15 15:00:58', '2023-11-15 15:00:58'),
(167, 4, 68, 238, NULL, 0, 0, 0, 'غياب', '2023-11-15 15:00:58', '2023-11-15 15:00:58'),
(168, 4, 69, 238, 25, 20, 5, 0, 'مقبول', '2023-11-15 15:00:58', '2023-11-15 15:00:58'),
(169, 4, 70, 238, 22, 20, 8, 0, 'مقبول', '2023-11-15 15:00:58', '2023-11-15 15:00:58'),
(170, 4, 71, 238, 35, 20, 4, 0, 'مقبول', '2023-11-15 15:00:58', '2023-11-15 15:00:58'),
(171, 4, 72, 238, 32, 13, 10, 0, 'مقبول', '2023-11-15 15:00:58', '2023-11-15 15:00:58'),
(172, 4, 73, 238, 26, 14, 10, 0, 'مقبول', '2023-11-15 15:00:58', '2023-11-15 15:00:58'),
(173, 4, 74, 238, 18, 0, 5, 0, 'ضعيف جدا', '2023-11-15 15:00:58', '2023-11-15 15:00:58'),
(174, 4, 75, 238, 41, 15, 10, 0, 'جيد', '2023-11-15 15:00:58', '2023-11-15 15:00:58'),
(175, 4, 76, 238, NULL, 0, 0, 0, 'غياب', '2023-11-15 15:00:58', '2023-11-15 15:00:58'),
(176, 4, 77, 238, 29, 11, 10, 0, 'مقبول', '2023-11-15 15:00:58', '2023-11-15 15:00:58'),
(177, 4, 78, 238, 7, 0, 1, 0, 'ضعيف جدا', '2023-11-15 15:00:58', '2023-11-15 15:00:58'),
(178, 4, 79, 238, 44, 15, 10, 0, 'جيد', '2023-11-15 15:00:58', '2023-11-15 15:00:58'),
(179, 4, 80, 238, 24, 16, 10, 0, 'مقبول', '2023-11-15 15:00:58', '2023-11-15 15:00:58'),
(180, 4, 81, 238, 26, 15, 10, 0, 'مقبول', '2023-11-15 15:00:58', '2023-11-15 15:00:58'),
(181, 4, 82, 238, 27, 16, 10, 0, 'مقبول', '2023-11-15 15:00:58', '2023-11-15 15:00:58'),
(182, 4, 83, 238, 25, 20, 6, 0, 'مقبول', '2023-11-15 15:00:58', '2023-11-15 15:00:58'),
(183, 4, 84, 238, 35, 17, 10, 0, 'مقبول', '2023-11-15 15:00:58', '2023-11-15 15:00:58'),
(184, 4, 85, 238, 29, 14, 10, 0, 'مقبول', '2023-11-15 15:00:58', '2023-11-15 15:00:58'),
(185, 4, 86, 238, 30, 15, 10, 0, 'مقبول', '2023-11-15 15:00:58', '2023-11-15 15:00:58'),
(186, 4, 87, 238, 24, 16, 10, 0, 'مقبول', '2023-11-15 15:00:58', '2023-11-15 15:00:58'),
(187, 4, 88, 238, 23, 17, 10, 0, 'مقبول', '2023-11-15 15:00:58', '2023-11-15 15:00:58'),
(188, 4, 89, 238, NULL, 0, 0, 0, 'غياب', '2023-11-15 15:00:58', '2023-11-15 15:00:58'),
(189, 4, 90, 238, 27, 15, 10, 0, 'مقبول', '2023-11-15 15:00:58', '2023-11-15 15:00:58'),
(190, 4, 91, 238, 27, 13, 10, 0, 'مقبول', '2023-11-15 15:00:58', '2023-11-15 15:00:58'),
(191, 4, 92, 238, 22, 18, 10, 0, 'مقبول', '2023-11-15 15:00:58', '2023-11-15 15:00:58'),
(192, 4, 93, 238, 43, 14, 10, 0, 'جيد', '2023-11-15 15:00:58', '2023-11-15 15:00:58'),
(193, 4, 94, 238, 24, 16, 10, 0, 'مقبول', '2023-11-15 15:00:59', '2023-11-15 15:00:59'),
(194, 4, 95, 238, 27, 13, 10, 0, 'مقبول', '2023-11-15 15:00:59', '2023-11-15 15:00:59'),
(195, 4, 96, 238, 15, 0, 3, 0, 'ضعيف جدا', '2023-11-15 15:00:59', '2023-11-15 15:00:59'),
(196, 4, 97, 238, 25, 20, 8, 0, 'مقبول', '2023-11-15 15:00:59', '2023-11-15 15:00:59'),
(197, 4, 98, 238, 24, 20, 6, 0, 'مقبول', '2023-11-15 15:00:59', '2023-11-15 15:00:59'),
(198, 4, 99, 238, 34, 20, 8, 0, 'مقبول', '2023-11-15 15:00:59', '2023-11-15 15:00:59'),
(199, 4, 1, 239, 29, 18, 8, 0, 'مقبول', '2023-11-15 15:01:32', '2023-11-15 15:01:32'),
(200, 4, 2, 239, 29, 18, 8, 0, 'مقبول', '2023-11-15 15:01:32', '2023-11-15 15:01:32'),
(201, 4, 3, 239, 32, 18, 8, 0, 'مقبول', '2023-11-15 15:01:32', '2023-11-15 15:01:32'),
(202, 4, 4, 239, 40, 18, 8, 0, 'جيد', '2023-11-15 15:01:32', '2023-11-15 15:01:32'),
(203, 4, 5, 239, 46, 14, 7, 0, 'جيد', '2023-11-15 15:01:32', '2023-11-15 15:01:32'),
(204, 4, 6, 239, 48, 10, 4, 0, 'مقبول', '2023-11-15 15:01:32', '2023-11-15 15:01:32'),
(205, 4, 7, 239, 47, 10, 3, 0, 'مقبول', '2023-11-15 15:01:32', '2023-11-15 15:01:32'),
(206, 4, 8, 239, 50, 16, 8, 1, 'جيد جدا', '2023-11-15 13:08:05', '2023-11-15 15:08:05'),
(207, 4, 9, 239, 48, 8, 4, 0, 'مقبول', '2023-11-15 15:01:32', '2023-11-15 15:01:32'),
(208, 4, 10, 239, 48, 18, 8, 1, 'جيد جدا', '2023-11-15 13:08:05', '2023-11-15 15:08:05'),
(209, 4, 11, 239, 40, 8, 4, 0, 'مقبول', '2023-11-15 15:01:32', '2023-11-15 15:01:32'),
(210, 4, 12, 239, 23, 16, 8, 3, 'مقبول', '2023-11-15 13:08:05', '2023-11-15 15:08:05'),
(211, 4, 13, 239, 42, 16, 8, 0, 'جيد', '2023-11-15 15:01:32', '2023-11-15 15:01:32'),
(212, 4, 14, 239, 53, 20, 9, 0, 'جيد جدا', '2023-11-15 15:01:32', '2023-11-15 15:01:32'),
(213, 4, 15, 239, 48, 20, 9, 0, 'جيد جدا', '2023-11-15 15:01:32', '2023-11-15 15:01:32'),
(214, 4, 16, 239, 46, 16, 7, 0, 'جيد', '2023-11-15 15:01:32', '2023-11-15 15:01:32'),
(215, 4, 17, 239, 39, 16, 8, 0, 'مقبول', '2023-11-15 15:01:32', '2023-11-15 15:01:32'),
(216, 4, 18, 239, 50, 15, 7, 0, 'جيد', '2023-11-15 15:01:32', '2023-11-15 15:01:32'),
(217, 4, 19, 239, 52, 17, 8, 0, 'جيد جدا', '2023-11-15 15:01:32', '2023-11-15 15:01:32'),
(218, 4, 20, 239, 40, 16, 8, 1, 'جيد', '2023-11-15 13:08:05', '2023-11-15 15:08:05'),
(219, 4, 21, 239, 40, 16, 8, 1, 'جيد', '2023-11-15 13:08:05', '2023-11-15 15:08:05'),
(220, 4, 22, 239, 52, 13, 6, 0, 'جيد', '2023-11-15 15:01:32', '2023-11-15 15:01:32'),
(221, 4, 23, 239, 38, 16, 8, 0, 'مقبول', '2023-11-15 15:01:32', '2023-11-15 15:01:32'),
(222, 4, 24, 239, 41, 18, 8, 0, 'جيد', '2023-11-15 15:01:32', '2023-11-15 15:01:32'),
(223, 4, 25, 239, 43, 18, 8, 0, 'جيد', '2023-11-15 15:01:32', '2023-11-15 15:01:32'),
(224, 4, 26, 239, 50, 18, 8, 0, 'جيد جدا', '2023-11-15 15:01:32', '2023-11-15 15:01:32'),
(225, 4, 27, 239, 40, 19, 9, 0, 'جيد', '2023-11-15 15:01:32', '2023-11-15 15:01:32'),
(226, 4, 28, 239, 48, 18, 8, 1, 'جيد جدا', '2023-11-15 13:08:05', '2023-11-15 15:08:05'),
(227, 4, 29, 239, 42, 18, 8, 0, 'جيد', '2023-11-15 15:01:33', '2023-11-15 15:01:33'),
(228, 4, 30, 239, 40, 10, 5, 0, 'مقبول', '2023-11-15 15:01:33', '2023-11-15 15:01:33'),
(229, 4, 31, 239, 44, 16, 8, 0, 'جيد', '2023-11-15 15:01:33', '2023-11-15 15:01:33'),
(230, 4, 32, 239, 44, 16, 8, 0, 'جيد', '2023-11-15 15:01:33', '2023-11-15 15:01:33'),
(231, 4, 33, 239, 44, 18, 8, 0, 'جيد', '2023-11-15 15:01:33', '2023-11-15 15:01:33'),
(232, 4, 34, 239, 43, 18, 8, 0, 'جيد', '2023-11-15 15:01:33', '2023-11-15 15:01:33'),
(233, 4, 35, 239, 48, 16, 8, 0, 'جيد', '2023-11-15 15:01:33', '2023-11-15 15:01:33'),
(234, 4, 36, 239, 57, 19, 9, 0, 'ممتاز', '2023-11-15 15:01:33', '2023-11-15 15:01:33'),
(235, 4, 37, 239, 55, 14, 7, 0, 'جيد جدا', '2023-11-15 15:01:33', '2023-11-15 15:01:33'),
(236, 4, 38, 239, 51, 18, 8, 0, 'جيد جدا', '2023-11-15 15:01:33', '2023-11-15 15:01:33'),
(237, 4, 39, 239, 37, 18, 8, 0, 'مقبول', '2023-11-15 15:01:33', '2023-11-15 15:01:33'),
(238, 4, 40, 239, 56, 18, 8, 0, 'جيد جدا', '2023-11-15 15:01:33', '2023-11-15 15:01:33'),
(239, 4, 41, 239, 50, 17, 8, 0, 'جيد جدا', '2023-11-15 15:01:33', '2023-11-15 15:01:33'),
(240, 4, 42, 239, 56, 19, 9, 1, 'ممتاز', '2023-11-15 13:08:06', '2023-11-15 15:08:06'),
(241, 4, 43, 239, 39, 16, 7, 0, 'مقبول', '2023-11-15 15:01:33', '2023-11-15 15:01:33'),
(242, 4, 44, 239, 61, 17, 8, 0, 'ممتاز', '2023-11-15 15:01:33', '2023-11-15 15:01:33'),
(243, 4, 45, 239, 59, 18, 8, 0, 'ممتاز', '2023-11-15 15:01:33', '2023-11-15 15:01:33'),
(244, 4, 46, 239, 32, 18, 8, 0, 'مقبول', '2023-11-15 15:01:33', '2023-11-15 15:01:33'),
(245, 4, 47, 239, 53, 18, 8, 0, 'جيد جدا', '2023-11-15 15:01:33', '2023-11-15 15:01:33'),
(246, 4, 48, 239, 50, 16, 8, 1, 'جيد جدا', '2023-11-15 13:08:06', '2023-11-15 15:08:06'),
(247, 4, 49, 239, 51, 16, 8, 0, 'جيد جدا', '2023-11-15 15:01:33', '2023-11-15 15:01:33'),
(248, 4, 50, 239, 29, 16, 8, 0, 'مقبول', '2023-11-15 15:01:33', '2023-11-15 15:01:33'),
(249, 4, 51, 239, NULL, 0, 0, 0, 'غياب', '2023-11-15 15:01:33', '2023-11-15 15:01:33'),
(250, 4, 52, 239, 53, 18, 9, 0, 'جيد جدا', '2023-11-15 15:01:34', '2023-11-15 15:01:34'),
(251, 4, 53, 239, 38, 18, 8, 1, 'جيد', '2023-11-15 13:08:06', '2023-11-15 15:08:06'),
(252, 4, 54, 239, 49, 20, 9, 0, 'جيد جدا', '2023-11-15 15:01:34', '2023-11-15 15:01:34'),
(253, 4, 55, 239, 42, 18, 8, 0, 'جيد', '2023-11-15 15:01:34', '2023-11-15 15:01:34'),
(254, 4, 56, 239, 42, 19, 9, 0, 'جيد', '2023-11-15 15:01:34', '2023-11-15 15:01:34'),
(255, 4, 57, 239, 51, 18, 8, 0, 'جيد جدا', '2023-11-15 15:01:34', '2023-11-15 15:01:34'),
(256, 4, 58, 239, 56, 18, 8, 0, 'جيد جدا', '2023-11-15 15:01:34', '2023-11-15 15:01:34'),
(257, 4, 59, 239, 38, 18, 8, 1, 'جيد', '2023-11-15 13:08:07', '2023-11-15 15:08:07'),
(258, 4, 60, 239, 46, 11, 5, 0, 'مقبول', '2023-11-15 15:01:34', '2023-11-15 15:01:34'),
(259, 4, 61, 239, 43, 18, 8, 0, 'جيد', '2023-11-15 15:01:34', '2023-11-15 15:01:34'),
(260, 4, 62, 239, 55, 7, 3, 0, 'جيد', '2023-11-15 15:01:34', '2023-11-15 15:01:34'),
(261, 4, 63, 239, 40, 17, 8, 0, 'جيد', '2023-11-15 15:01:34', '2023-11-15 15:01:34'),
(262, 4, 64, 239, 46, 16, 8, 0, 'جيد', '2023-11-15 15:01:34', '2023-11-15 15:01:34'),
(263, 4, 65, 239, 48, 10, 4, 0, 'مقبول', '2023-11-15 15:01:34', '2023-11-15 15:01:34'),
(264, 4, 66, 239, 45, 19, 9, 0, 'جيد', '2023-11-15 15:01:34', '2023-11-15 15:01:34'),
(265, 4, 67, 239, 44, 18, 8, 0, 'جيد', '2023-11-15 15:01:34', '2023-11-15 15:01:34'),
(266, 4, 68, 239, NULL, 0, 0, 0, 'غياب', '2023-11-15 15:01:34', '2023-11-15 15:01:34'),
(267, 4, 69, 239, 42, 19, 9, 0, 'جيد', '2023-11-15 15:01:34', '2023-11-15 15:01:34'),
(268, 4, 70, 239, 45, 16, 8, 0, 'جيد', '2023-11-15 15:01:34', '2023-11-15 15:01:34'),
(269, 4, 71, 239, 53, 18, 8, 0, 'جيد جدا', '2023-11-15 15:01:34', '2023-11-15 15:01:34'),
(270, 4, 72, 239, 36, 18, 8, 0, 'مقبول', '2023-11-15 15:01:34', '2023-11-15 15:01:34'),
(271, 4, 73, 239, 48, 16, 8, 0, 'جيد', '2023-11-15 15:01:34', '2023-11-15 15:01:34'),
(272, 4, 74, 239, 46, 16, 8, 0, 'جيد', '2023-11-15 15:01:34', '2023-11-15 15:01:34'),
(273, 4, 75, 239, 43, 10, 4, 0, 'مقبول', '2023-11-15 15:01:34', '2023-11-15 15:01:34'),
(274, 4, 76, 239, NULL, 0, 0, 0, 'غياب', '2023-11-15 15:01:34', '2023-11-15 15:01:34'),
(275, 4, 77, 239, 52, 16, 8, 0, 'جيد جدا', '2023-11-15 15:01:34', '2023-11-15 15:01:34'),
(276, 4, 78, 239, 32, 12, 6, 0, 'مقبول', '2023-11-15 15:01:34', '2023-11-15 15:01:34'),
(277, 4, 79, 239, 44, 16, 8, 0, 'جيد', '2023-11-15 15:01:34', '2023-11-15 15:01:34'),
(278, 4, 80, 239, 44, 10, 4, 0, 'مقبول', '2023-11-15 15:01:35', '2023-11-15 15:01:35'),
(279, 4, 81, 239, 51, 8, 4, 0, 'مقبول', '2023-11-15 15:01:35', '2023-11-15 15:01:35'),
(280, 4, 82, 239, 48, 17, 8, 0, 'جيد', '2023-11-15 15:01:35', '2023-11-15 15:01:35'),
(281, 4, 83, 239, 33, 17, 8, 0, 'مقبول', '2023-11-15 15:01:35', '2023-11-15 15:01:35'),
(282, 4, 84, 239, 57, 16, 8, 0, 'جيد جدا', '2023-11-15 15:01:35', '2023-11-15 15:01:35'),
(283, 4, 85, 239, 50, 10, 5, 0, 'جيد', '2023-11-15 15:01:35', '2023-11-15 15:01:35'),
(284, 4, 86, 239, 30, 16, 8, 0, 'مقبول', '2023-11-15 15:01:35', '2023-11-15 15:01:35'),
(285, 4, 87, 239, 52, 18, 8, 0, 'جيد جدا', '2023-11-15 15:01:35', '2023-11-15 15:01:35'),
(286, 4, 88, 239, 39, 16, 8, 0, 'مقبول', '2023-11-15 15:01:35', '2023-11-15 15:01:35'),
(287, 4, 89, 239, NULL, 0, 0, 0, 'غياب', '2023-11-15 15:01:35', '2023-11-15 15:01:35'),
(288, 4, 90, 239, 52, 18, 8, 0, 'جيد جدا', '2023-11-15 15:01:35', '2023-11-15 15:01:35'),
(289, 4, 91, 239, 33, 18, 8, 0, 'مقبول', '2023-11-15 15:01:35', '2023-11-15 15:01:35'),
(290, 4, 92, 239, 46, 10, 5, 0, 'مقبول', '2023-11-15 15:01:35', '2023-11-15 15:01:35'),
(291, 4, 93, 239, 50, 20, 9, 0, 'جيد جدا', '2023-11-15 15:01:35', '2023-11-15 15:01:35'),
(292, 4, 94, 239, 41, 18, 8, 0, 'جيد', '2023-11-15 15:01:35', '2023-11-15 15:01:35'),
(293, 4, 95, 239, 46, 16, 8, 0, 'جيد', '2023-11-15 15:01:35', '2023-11-15 15:01:35'),
(294, 4, 96, 239, 40, 10, 5, 0, 'مقبول', '2023-11-15 15:01:35', '2023-11-15 15:01:35'),
(295, 4, 97, 239, 48, 16, 8, 0, 'جيد', '2023-11-15 15:01:35', '2023-11-15 15:01:35'),
(296, 4, 98, 239, 48, 16, 8, 0, 'جيد', '2023-11-15 15:01:35', '2023-11-15 15:01:35'),
(297, 4, 99, 239, 43, 17, 8, 0, 'جيد', '2023-11-15 15:01:35', '2023-11-15 15:01:35'),
(298, 4, 1, 240, 47, 17, 8, 0, 'جيد', '2023-11-15 15:02:02', '2023-11-15 15:02:02'),
(299, 4, 2, 240, 57, 18, 8, 0, 'جيد جدا', '2023-11-15 15:02:02', '2023-11-15 15:02:02'),
(300, 4, 3, 240, 57, 19, 9, 0, 'ممتاز', '2023-11-15 15:02:02', '2023-11-15 15:02:02'),
(301, 4, 4, 240, 56, 19, 9, 1, 'ممتاز', '2023-11-15 13:08:04', '2023-11-15 15:08:04'),
(302, 4, 5, 240, 67, 19, 9, 0, 'ممتاز', '2023-11-15 15:02:03', '2023-11-15 15:02:03'),
(303, 4, 6, 240, 39, 4, 2, 5, 'مقبول', '2023-11-15 13:08:04', '2023-11-15 15:08:04'),
(304, 4, 7, 240, 55, 18, 9, 0, 'جيد جدا', '2023-11-15 15:02:03', '2023-11-15 15:02:03'),
(305, 4, 8, 240, 55, 18, 9, 0, 'جيد جدا', '2023-11-15 15:02:03', '2023-11-15 15:02:03'),
(306, 4, 9, 240, 47, 2, 1, 0, 'مقبول', '2023-11-15 15:02:03', '2023-11-15 15:02:03'),
(307, 4, 10, 240, 63, 20, 10, 0, 'ممتاز', '2023-11-15 15:02:03', '2023-11-15 15:02:03'),
(308, 4, 11, 240, 48, 19, 9, 0, 'جيد جدا', '2023-11-15 15:02:03', '2023-11-15 15:02:03'),
(309, 4, 12, 240, 31, 16, 8, 0, 'مقبول', '2023-11-15 15:02:03', '2023-11-15 15:02:03'),
(310, 4, 13, 240, 48, 18, 9, 0, 'جيد جدا', '2023-11-15 15:02:03', '2023-11-15 15:02:03'),
(311, 4, 14, 240, 68, 20, 10, 0, 'ممتاز', '2023-11-15 15:02:03', '2023-11-15 15:02:03'),
(312, 4, 15, 240, 54, 18, 9, 0, 'جيد جدا', '2023-11-15 15:02:03', '2023-11-15 15:02:03'),
(313, 4, 16, 240, 32, 16, 8, 0, 'مقبول', '2023-11-15 15:02:03', '2023-11-15 15:02:03'),
(314, 4, 17, 240, 54, 18, 9, 0, 'جيد جدا', '2023-11-15 15:02:03', '2023-11-15 15:02:03'),
(315, 4, 18, 240, 57, 19, 9, 0, 'ممتاز', '2023-11-15 15:02:03', '2023-11-15 15:02:03'),
(316, 4, 19, 240, 49, 20, 10, 0, 'جيد جدا', '2023-11-15 15:02:03', '2023-11-15 15:02:03'),
(317, 4, 20, 240, 53, 18, 9, 0, 'جيد جدا', '2023-11-15 15:02:03', '2023-11-15 15:02:03'),
(318, 4, 21, 240, 38, 18, 9, 0, 'جيد', '2023-11-15 15:02:03', '2023-11-15 15:02:03'),
(319, 4, 22, 240, 52, 17, 8, 0, 'جيد جدا', '2023-11-15 15:02:03', '2023-11-15 15:02:03'),
(320, 4, 23, 240, 54, 15, 7, 0, 'جيد جدا', '2023-11-15 15:02:03', '2023-11-15 15:02:03'),
(321, 4, 24, 240, 65, 20, 10, 0, 'ممتاز', '2023-11-15 15:02:03', '2023-11-15 15:02:03'),
(322, 4, 25, 240, 67, 19, 9, 0, 'ممتاز', '2023-11-15 15:02:03', '2023-11-15 15:02:03'),
(323, 4, 26, 240, 58, 20, 10, 0, 'ممتاز', '2023-11-15 15:02:03', '2023-11-15 15:02:03'),
(324, 4, 27, 240, 49, 18, 9, 0, 'جيد جدا', '2023-11-15 15:02:03', '2023-11-15 15:02:03'),
(325, 4, 28, 240, 69, 20, 10, 0, 'ممتاز', '2023-11-15 15:02:03', '2023-11-15 15:02:03'),
(326, 4, 29, 240, 57, 19, 9, 0, 'ممتاز', '2023-11-15 15:02:03', '2023-11-15 15:02:03'),
(327, 4, 30, 240, 56, 19, 9, 1, 'ممتاز', '2023-11-15 13:08:05', '2023-11-15 15:08:05'),
(328, 4, 31, 240, 57, 18, 9, 1, 'ممتاز', '2023-11-15 13:08:05', '2023-11-15 15:08:05'),
(329, 4, 32, 240, 56, 18, 8, 0, 'جيد جدا', '2023-11-15 15:02:03', '2023-11-15 15:02:03'),
(330, 4, 33, 240, 42, 16, 7, 0, 'جيد', '2023-11-15 15:02:03', '2023-11-15 15:02:03'),
(331, 4, 34, 240, 55, 17, 8, 0, 'جيد جدا', '2023-11-15 15:02:03', '2023-11-15 15:02:03'),
(332, 4, 35, 240, 44, 18, 8, 0, 'جيد', '2023-11-15 15:02:03', '2023-11-15 15:02:03'),
(333, 4, 36, 240, 46, 20, 9, 0, 'جيد جدا', '2023-11-15 15:02:04', '2023-11-15 15:02:04'),
(334, 4, 37, 240, 48, 18, 9, 0, 'جيد جدا', '2023-11-15 15:02:04', '2023-11-15 15:02:04'),
(335, 4, 38, 240, 58, 20, 10, 0, 'ممتاز', '2023-11-15 15:02:04', '2023-11-15 15:02:04'),
(336, 4, 39, 240, 43, 12, 6, 0, 'مقبول', '2023-11-15 15:02:04', '2023-11-15 15:02:04'),
(337, 4, 40, 240, 63, 20, 10, 0, 'ممتاز', '2023-11-15 15:02:04', '2023-11-15 15:02:04'),
(338, 4, 41, 240, 52, 19, 9, 0, 'جيد جدا', '2023-11-15 15:02:04', '2023-11-15 15:02:04'),
(339, 4, 42, 240, 52, 19, 9, 0, 'جيد جدا', '2023-11-15 15:02:04', '2023-11-15 15:02:04'),
(340, 4, 43, 240, 58, 18, 9, 0, 'ممتاز', '2023-11-15 15:02:04', '2023-11-15 15:02:04'),
(341, 4, 44, 240, 33, 20, 10, 0, 'مقبول', '2023-11-15 15:02:04', '2023-11-15 15:02:04'),
(342, 4, 45, 240, 57, 20, 9, 0, 'ممتاز', '2023-11-15 15:02:04', '2023-11-15 15:02:04'),
(343, 4, 46, 240, 43, 20, 10, 0, 'جيد', '2023-11-15 15:02:04', '2023-11-15 15:02:04'),
(344, 4, 47, 240, 49, 7, 3, 0, 'مقبول', '2023-11-15 15:02:04', '2023-11-15 15:02:04'),
(345, 4, 48, 240, 66, 17, 8, 0, 'ممتاز', '2023-11-15 15:02:04', '2023-11-15 15:02:04'),
(346, 4, 49, 240, 47, 17, 8, 0, 'جيد', '2023-11-15 15:02:04', '2023-11-15 15:02:04'),
(347, 4, 50, 240, 55, 20, 10, 0, 'ممتاز', '2023-11-15 15:02:04', '2023-11-15 15:02:04'),
(348, 4, 51, 240, 27, 17, 8, 0, 'مقبول', '2023-11-15 15:02:04', '2023-11-15 15:02:04'),
(349, 4, 52, 240, 29, 18, 9, 0, 'مقبول', '2023-11-15 15:02:04', '2023-11-15 15:02:04'),
(350, 4, 53, 240, 54, 18, 9, 0, 'جيد جدا', '2023-11-15 15:02:04', '2023-11-15 15:02:04'),
(351, 4, 54, 240, 52, 19, 9, 0, 'جيد جدا', '2023-11-15 15:02:04', '2023-11-15 15:02:04'),
(352, 4, 55, 240, 35, 20, 9, 1, 'جيد', '2023-11-15 13:08:06', '2023-11-15 15:08:06'),
(353, 4, 56, 240, 45, 18, 9, 0, 'جيد', '2023-11-15 15:02:04', '2023-11-15 15:02:04'),
(354, 4, 57, 240, 41, 19, 9, 0, 'جيد', '2023-11-15 15:02:04', '2023-11-15 15:02:04'),
(355, 4, 58, 240, 25, 18, 8, 0, 'مقبول', '2023-11-15 15:02:04', '2023-11-15 15:02:04'),
(356, 4, 59, 240, 40, 10, 5, 0, 'مقبول', '2023-11-15 15:02:04', '2023-11-15 15:02:04'),
(357, 4, 60, 240, 49, 16, 7, 0, 'جيد', '2023-11-15 15:02:04', '2023-11-15 15:02:04'),
(358, 4, 61, 240, 55, 20, 10, 0, 'ممتاز', '2023-11-15 15:02:04', '2023-11-15 15:02:04'),
(359, 4, 62, 240, 27, 18, 9, 0, 'مقبول', '2023-11-15 15:02:04', '2023-11-15 15:02:04'),
(360, 4, 63, 240, 55, 12, 6, 0, 'جيد', '2023-11-15 15:02:05', '2023-11-15 15:02:05'),
(361, 4, 64, 240, 57, 19, 9, 0, 'ممتاز', '2023-11-15 15:02:05', '2023-11-15 15:02:05'),
(362, 4, 65, 240, 58, 15, 7, 0, 'جيد جدا', '2023-11-15 15:02:05', '2023-11-15 15:02:05'),
(363, 4, 66, 240, 57, 19, 9, 0, 'ممتاز', '2023-11-15 15:02:05', '2023-11-15 15:02:05'),
(364, 4, 67, 240, 43, 18, 9, 0, 'جيد', '2023-11-15 15:02:05', '2023-11-15 15:02:05'),
(365, 4, 68, 240, NULL, 0, 0, 0, 'غياب', '2023-11-15 15:02:05', '2023-11-15 15:02:05'),
(366, 4, 69, 240, 45, 17, 8, 0, 'جيد', '2023-11-15 15:02:05', '2023-11-15 15:02:05'),
(367, 4, 70, 240, 34, 15, 7, 0, 'مقبول', '2023-11-15 15:02:05', '2023-11-15 15:02:05'),
(368, 4, 71, 240, 70, 19, 9, 0, 'ممتاز', '2023-11-15 15:02:05', '2023-11-15 15:02:05'),
(369, 4, 72, 240, 54, 20, 9, 0, 'جيد جدا', '2023-11-15 15:02:05', '2023-11-15 15:02:05'),
(370, 4, 73, 240, 49, 19, 9, 0, 'جيد جدا', '2023-11-15 15:02:05', '2023-11-15 15:02:05'),
(371, 4, 74, 240, 31, 13, 6, 0, 'مقبول', '2023-11-15 15:02:05', '2023-11-15 15:02:05'),
(372, 4, 75, 240, 26, 16, 8, 0, 'مقبول', '2023-11-15 15:02:05', '2023-11-15 15:02:05'),
(373, 4, 76, 240, NULL, 0, 0, 0, 'غياب', '2023-11-15 15:02:05', '2023-11-15 15:02:05'),
(374, 4, 77, 240, 46, 10, 5, 0, 'مقبول', '2023-11-15 15:02:05', '2023-11-15 15:02:05'),
(375, 4, 78, 240, 38, 5, 2, 5, 'مقبول', '2023-11-15 13:08:07', '2023-11-15 15:08:07'),
(376, 4, 79, 240, 55, 19, 9, 0, 'جيد جدا', '2023-11-15 15:02:05', '2023-11-15 15:02:05'),
(377, 4, 80, 240, 49, 18, 8, 0, 'جيد جدا', '2023-11-15 15:02:05', '2023-11-15 15:02:05'),
(378, 4, 81, 240, 56, 17, 8, 0, 'جيد جدا', '2023-11-15 15:02:05', '2023-11-15 15:02:05'),
(379, 4, 82, 240, 59, 20, 10, 0, 'ممتاز', '2023-11-15 15:02:05', '2023-11-15 15:02:05'),
(380, 4, 83, 240, 63, 15, 7, 0, 'ممتاز', '2023-11-15 15:02:05', '2023-11-15 15:02:05'),
(381, 4, 84, 240, 21, 20, 9, 0, 'مقبول', '2023-11-15 15:02:05', '2023-11-15 15:02:05'),
(382, 4, 85, 240, 21, 20, 9, 0, 'مقبول', '2023-11-15 15:02:05', '2023-11-15 15:02:05'),
(383, 4, 86, 240, 56, 17, 8, 0, 'جيد جدا', '2023-11-15 15:02:05', '2023-11-15 15:02:05'),
(384, 4, 87, 240, 33, 15, 7, 0, 'مقبول', '2023-11-15 15:02:05', '2023-11-15 15:02:05'),
(385, 4, 88, 240, 54, 15, 7, 0, 'جيد جدا', '2023-11-15 15:02:05', '2023-11-15 15:02:05'),
(386, 4, 89, 240, NULL, 0, 0, 0, 'غياب', '2023-11-15 15:02:05', '2023-11-15 15:02:05'),
(387, 4, 90, 240, 29, 18, 8, 0, 'مقبول', '2023-11-15 15:02:05', '2023-11-15 15:02:05'),
(388, 4, 91, 240, 37, 19, 9, 0, 'جيد', '2023-11-15 15:02:06', '2023-11-15 15:02:06'),
(389, 4, 92, 240, 32, 17, 8, 0, 'مقبول', '2023-11-15 15:02:06', '2023-11-15 15:02:06'),
(390, 4, 93, 240, 69, 20, 10, 0, 'ممتاز', '2023-11-15 15:02:06', '2023-11-15 15:02:06'),
(391, 4, 94, 240, 15, 20, 10, 0, 'راسب تحريرى', '2023-11-15 15:02:06', '2023-11-15 15:02:06'),
(392, 4, 95, 240, 45, 18, 8, 0, 'جيد', '2023-11-15 15:02:06', '2023-11-15 15:02:06'),
(393, 4, 96, 240, 42, 16, 7, 0, 'جيد', '2023-11-15 15:02:06', '2023-11-15 15:02:06'),
(394, 4, 97, 240, 50, 20, 10, 0, 'جيد جدا', '2023-11-15 15:02:06', '2023-11-15 15:02:06'),
(395, 4, 98, 240, 66, 3, 2, 0, 'جيد', '2023-11-15 15:02:06', '2023-11-15 15:02:06'),
(396, 4, 99, 240, 61, 20, 10, 0, 'ممتاز', '2023-11-15 15:02:06', '2023-11-15 15:02:06'),
(397, 4, 1, 241, 63, 18, 8, 0, 'ممتاز', '2023-11-15 15:02:30', '2023-11-15 15:02:30'),
(398, 4, 2, 241, 70, 17, 8, 0, 'ممتاز', '2023-11-15 15:02:30', '2023-11-15 15:02:30'),
(399, 4, 3, 241, 70, 16, 7, 0, 'ممتاز', '2023-11-15 15:02:30', '2023-11-15 15:02:30'),
(400, 4, 4, 241, 70, 15, 7, 0, 'ممتاز', '2023-11-15 15:02:30', '2023-11-15 15:02:30'),
(401, 4, 5, 241, 63, 15, 7, 0, 'ممتاز', '2023-11-15 15:02:30', '2023-11-15 15:02:30'),
(402, 4, 6, 241, 67, 9, 4, 0, 'جيد جدا', '2023-11-15 15:02:30', '2023-11-15 15:02:30'),
(403, 4, 7, 241, 67, 12, 6, 0, 'ممتاز', '2023-11-15 15:02:31', '2023-11-15 15:02:31'),
(404, 4, 8, 241, 54, 19, 9, 0, 'جيد جدا', '2023-11-15 15:02:31', '2023-11-15 15:02:31'),
(405, 4, 9, 241, 51, 10, 4, 0, 'جيد', '2023-11-15 15:02:31', '2023-11-15 15:02:31'),
(406, 4, 10, 241, 70, 20, 10, 0, 'ممتاز', '2023-11-15 15:02:31', '2023-11-15 15:02:31'),
(407, 4, 11, 241, 64, 16, 7, 0, 'ممتاز', '2023-11-15 15:02:31', '2023-11-15 15:02:31'),
(408, 4, 12, 241, 67, 13, 7, 0, 'ممتاز', '2023-11-15 15:02:31', '2023-11-15 15:02:31'),
(409, 4, 13, 241, 64, 16, 7, 0, 'ممتاز', '2023-11-15 15:02:31', '2023-11-15 15:02:31'),
(410, 4, 14, 241, 70, 20, 10, 0, 'ممتاز', '2023-11-15 15:02:31', '2023-11-15 15:02:31'),
(411, 4, 15, 241, 67, 18, 8, 0, 'ممتاز', '2023-11-15 15:02:31', '2023-11-15 15:02:31'),
(412, 4, 16, 241, 67, 13, 7, 0, 'ممتاز', '2023-11-15 15:02:31', '2023-11-15 15:02:31'),
(413, 4, 17, 241, 53, 19, 9, 0, 'جيد جدا', '2023-11-15 15:02:31', '2023-11-15 15:02:31'),
(414, 4, 18, 241, 70, 20, 9, 0, 'ممتاز', '2023-11-15 15:02:31', '2023-11-15 15:02:31'),
(415, 4, 19, 241, 70, 17, 8, 0, 'ممتاز', '2023-11-15 15:02:31', '2023-11-15 15:02:31'),
(416, 4, 20, 241, 64, 20, 9, 0, 'ممتاز', '2023-11-15 15:02:31', '2023-11-15 15:02:31'),
(417, 4, 21, 241, 68, 18, 9, 0, 'ممتاز', '2023-11-15 15:02:31', '2023-11-15 15:02:31'),
(418, 4, 22, 241, 53, 10, 5, 0, 'جيد', '2023-11-15 15:02:31', '2023-11-15 15:02:31'),
(419, 4, 23, 241, 53, 15, 7, 0, 'جيد جدا', '2023-11-15 15:02:31', '2023-11-15 15:02:31'),
(420, 4, 24, 241, 64, 16, 7, 0, 'ممتاز', '2023-11-15 15:02:31', '2023-11-15 15:02:31'),
(421, 4, 25, 241, 64, 14, 7, 0, 'ممتاز', '2023-11-15 15:02:31', '2023-11-15 15:02:31'),
(422, 4, 26, 241, 70, 16, 7, 0, 'ممتاز', '2023-11-15 15:02:31', '2023-11-15 15:02:31'),
(423, 4, 27, 241, 44, 14, 7, 0, 'جيد', '2023-11-15 15:02:31', '2023-11-15 15:02:31'),
(424, 4, 28, 241, 53, 15, 7, 0, 'جيد جدا', '2023-11-15 15:02:31', '2023-11-15 15:02:31'),
(425, 4, 29, 241, 68, 15, 7, 0, 'ممتاز', '2023-11-15 15:02:31', '2023-11-15 15:02:31'),
(426, 4, 30, 241, 70, 17, 8, 0, 'ممتاز', '2023-11-15 15:02:31', '2023-11-15 15:02:31'),
(427, 4, 31, 241, 67, 20, 10, 0, 'ممتاز', '2023-11-15 15:02:31', '2023-11-15 15:02:31'),
(428, 4, 32, 241, 67, 16, 7, 0, 'ممتاز', '2023-11-15 15:02:31', '2023-11-15 15:02:31'),
(429, 4, 33, 241, 49, 18, 9, 0, 'جيد جدا', '2023-11-15 15:02:31', '2023-11-15 15:02:31'),
(430, 4, 34, 241, 67, 20, 9, 0, 'ممتاز', '2023-11-15 15:02:31', '2023-11-15 15:02:31'),
(431, 4, 35, 241, 60, 20, 10, 0, 'ممتاز', '2023-11-15 15:02:32', '2023-11-15 15:02:32'),
(432, 4, 36, 241, 60, 18, 8, 0, 'ممتاز', '2023-11-15 15:02:32', '2023-11-15 15:02:32'),
(433, 4, 37, 241, 67, 16, 7, 0, 'ممتاز', '2023-11-15 15:02:32', '2023-11-15 15:02:32'),
(434, 4, 38, 241, 65, 20, 9, 0, 'ممتاز', '2023-11-15 15:02:32', '2023-11-15 15:02:32'),
(435, 4, 39, 241, 65, 7, 3, 0, 'جيد جدا', '2023-11-15 15:02:32', '2023-11-15 15:02:32'),
(436, 4, 40, 241, 65, 19, 9, 0, 'ممتاز', '2023-11-15 15:02:32', '2023-11-15 15:02:32'),
(437, 4, 41, 241, 65, 18, 8, 0, 'ممتاز', '2023-11-15 15:02:32', '2023-11-15 15:02:32'),
(438, 4, 42, 241, 70, 19, 9, 0, 'ممتاز', '2023-11-15 15:02:32', '2023-11-15 15:02:32'),
(439, 4, 43, 241, 70, 19, 9, 0, 'ممتاز', '2023-11-15 15:02:32', '2023-11-15 15:02:32'),
(440, 4, 44, 241, 64, 20, 9, 0, 'ممتاز', '2023-11-15 15:02:32', '2023-11-15 15:02:32'),
(441, 4, 45, 241, 70, 19, 9, 0, 'ممتاز', '2023-11-15 15:02:32', '2023-11-15 15:02:32'),
(442, 4, 46, 241, 56, 16, 8, 0, 'جيد جدا', '2023-11-15 15:02:32', '2023-11-15 15:02:32'),
(443, 4, 47, 241, 63, 18, 9, 0, 'ممتاز', '2023-11-15 15:02:32', '2023-11-15 15:02:32'),
(444, 4, 48, 241, 63, 15, 7, 0, 'ممتاز', '2023-11-15 15:02:32', '2023-11-15 15:02:32'),
(445, 4, 49, 241, 70, 18, 9, 0, 'ممتاز', '2023-11-15 15:02:32', '2023-11-15 15:02:32'),
(446, 4, 50, 241, 70, 18, 9, 0, 'ممتاز', '2023-11-15 15:02:32', '2023-11-15 15:02:32'),
(447, 4, 51, 241, 55, 13, 7, 0, 'جيد جدا', '2023-11-15 15:02:32', '2023-11-15 15:02:32'),
(448, 4, 52, 241, 51, 17, 8, 0, 'جيد جدا', '2023-11-15 15:02:32', '2023-11-15 15:02:32'),
(449, 4, 53, 241, 51, 13, 7, 0, 'جيد', '2023-11-15 15:02:32', '2023-11-15 15:02:32'),
(450, 4, 54, 241, 63, 18, 9, 0, 'ممتاز', '2023-11-15 15:02:32', '2023-11-15 15:02:32'),
(451, 4, 55, 241, 67, 20, 9, 0, 'ممتاز', '2023-11-15 15:02:32', '2023-11-15 15:02:32'),
(452, 4, 56, 241, 65, 15, 7, 0, 'ممتاز', '2023-11-15 15:02:32', '2023-11-15 15:02:32'),
(453, 4, 57, 241, 64, 13, 7, 1, 'ممتاز', '2023-11-15 13:08:07', '2023-11-15 15:08:07'),
(454, 4, 58, 241, 63, 10, 4, 0, 'جيد جدا', '2023-11-15 15:02:32', '2023-11-15 15:02:32'),
(455, 4, 59, 241, 57, 13, 7, 0, 'جيد جدا', '2023-11-15 15:02:32', '2023-11-15 15:02:32'),
(456, 4, 60, 241, 57, 16, 7, 0, 'جيد جدا', '2023-11-15 15:02:32', '2023-11-15 15:02:32'),
(457, 4, 61, 241, 62, 17, 8, 0, 'ممتاز', '2023-11-15 15:02:32', '2023-11-15 15:02:32'),
(458, 4, 62, 241, 63, 15, 7, 0, 'ممتاز', '2023-11-15 15:02:32', '2023-11-15 15:02:32'),
(459, 4, 63, 241, 39, 10, 5, 0, 'مقبول', '2023-11-15 15:02:33', '2023-11-15 15:02:33'),
(460, 4, 64, 241, 56, 17, 8, 0, 'جيد جدا', '2023-11-15 15:02:33', '2023-11-15 15:02:33'),
(461, 4, 65, 241, 70, 14, 7, 0, 'ممتاز', '2023-11-15 15:02:33', '2023-11-15 15:02:33'),
(462, 4, 66, 241, 70, 17, 8, 0, 'ممتاز', '2023-11-15 15:02:33', '2023-11-15 15:02:33'),
(463, 4, 67, 241, 62, 16, 8, 0, 'ممتاز', '2023-11-15 15:02:33', '2023-11-15 15:02:33'),
(464, 4, 68, 241, NULL, 0, 0, 0, 'غياب', '2023-11-15 15:02:33', '2023-11-15 15:02:33'),
(465, 4, 69, 241, 65, 19, 9, 0, 'ممتاز', '2023-11-15 15:02:33', '2023-11-15 15:02:33'),
(466, 4, 70, 241, 65, 13, 7, 0, 'ممتاز', '2023-11-15 15:02:33', '2023-11-15 15:02:33'),
(467, 4, 71, 241, 65, 19, 9, 0, 'ممتاز', '2023-11-15 15:02:33', '2023-11-15 15:02:33'),
(468, 4, 72, 241, 51, 18, 8, 0, 'جيد جدا', '2023-11-15 15:02:33', '2023-11-15 15:02:33'),
(469, 4, 73, 241, 63, 18, 8, 0, 'ممتاز', '2023-11-15 15:02:33', '2023-11-15 15:02:33'),
(470, 4, 74, 241, 34, 11, 5, 0, 'مقبول', '2023-11-15 15:02:33', '2023-11-15 15:02:33'),
(471, 4, 75, 241, 60, 17, 8, 0, 'ممتاز', '2023-11-15 15:02:33', '2023-11-15 15:02:33'),
(472, 4, 76, 241, NULL, 0, 0, 0, 'غياب', '2023-11-15 15:02:33', '2023-11-15 15:02:33'),
(473, 4, 77, 241, 60, 10, 5, 0, 'جيد جدا', '2023-11-15 15:02:33', '2023-11-15 15:02:33'),
(474, 4, 78, 241, NULL, 0, 0, 0, 'غياب', '2023-11-15 15:02:33', '2023-11-15 15:02:33'),
(475, 4, 79, 241, 67, 17, 8, 0, 'ممتاز', '2023-11-15 15:02:33', '2023-11-15 15:02:33'),
(476, 4, 80, 241, 65, 19, 9, 0, 'ممتاز', '2023-11-15 15:02:33', '2023-11-15 15:02:33'),
(477, 4, 81, 241, 50, 14, 7, 0, 'جيد', '2023-11-15 15:02:33', '2023-11-15 15:02:33'),
(478, 4, 82, 241, 67, 20, 10, 0, 'ممتاز', '2023-11-15 15:02:33', '2023-11-15 15:02:33'),
(479, 4, 83, 241, 60, 17, 8, 0, 'ممتاز', '2023-11-15 15:02:33', '2023-11-15 15:02:33'),
(480, 4, 84, 241, 55, 7, 3, 0, 'جيد', '2023-11-15 15:02:33', '2023-11-15 15:02:33'),
(481, 4, 85, 241, 64, 7, 3, 1, 'جيد جدا', '2023-11-15 13:08:08', '2023-11-15 15:08:08'),
(482, 4, 86, 241, 60, 13, 6, 0, 'جيد جدا', '2023-11-15 15:02:33', '2023-11-15 15:02:33'),
(483, 4, 87, 241, 34, 19, 9, 0, 'مقبول', '2023-11-15 15:02:33', '2023-11-15 15:02:33'),
(484, 4, 88, 241, 54, 17, 8, 0, 'جيد جدا', '2023-11-15 15:02:33', '2023-11-15 15:02:33'),
(485, 4, 89, 241, NULL, 0, 0, 0, 'غياب', '2023-11-15 15:02:33', '2023-11-15 15:02:33'),
(486, 4, 90, 241, 67, 19, 9, 0, 'ممتاز', '2023-11-15 15:02:33', '2023-11-15 15:02:33'),
(487, 4, 91, 241, 70, 15, 7, 0, 'ممتاز', '2023-11-15 15:02:33', '2023-11-15 15:02:33'),
(488, 4, 92, 241, 51, 19, 9, 0, 'جيد جدا', '2023-11-15 15:02:34', '2023-11-15 15:02:34'),
(489, 4, 93, 241, 56, 20, 10, 0, 'ممتاز', '2023-11-15 15:02:34', '2023-11-15 15:02:34'),
(490, 4, 94, 241, 49, 20, 10, 0, 'جيد جدا', '2023-11-15 15:02:34', '2023-11-15 15:02:34'),
(491, 4, 95, 241, 50, 13, 6, 0, 'جيد', '2023-11-15 15:02:34', '2023-11-15 15:02:34'),
(492, 4, 96, 241, 62, 17, 8, 0, 'ممتاز', '2023-11-15 15:02:34', '2023-11-15 15:02:34'),
(493, 4, 97, 241, 60, 20, 10, 0, 'ممتاز', '2023-11-15 15:02:34', '2023-11-15 15:02:34'),
(494, 4, 98, 241, 64, 9, 4, 0, 'جيد جدا', '2023-11-15 15:02:34', '2023-11-15 15:02:34'),
(495, 4, 99, 241, 69, 20, 9, 0, 'ممتاز', '2023-11-15 15:02:34', '2023-11-15 15:02:34'),
(496, 4, 1, 242, 28, 18, 9, 0, 'مقبول', '2023-11-15 15:02:59', '2023-11-15 15:02:59'),
(497, 4, 2, 242, 21, 20, 9, 0, 'مقبول', '2023-11-15 15:02:59', '2023-11-15 15:02:59'),
(498, 4, 3, 242, 41, 20, 9, 0, 'جيد', '2023-11-15 15:02:59', '2023-11-15 15:02:59'),
(499, 4, 4, 242, 57, 19, 9, 0, 'ممتاز', '2023-11-15 15:02:59', '2023-11-15 15:02:59'),
(500, 4, 5, 242, 45, 17, 8, 0, 'جيد', '2023-11-15 15:02:59', '2023-11-15 15:02:59'),
(501, 4, 6, 242, 21, 20, 9, 0, 'مقبول', '2023-11-15 15:02:59', '2023-11-15 15:02:59'),
(502, 4, 7, 242, 46, 17, 8, 0, 'جيد', '2023-11-15 15:03:00', '2023-11-15 15:03:00'),
(503, 4, 8, 242, 43, 18, 9, 0, 'جيد', '2023-11-15 15:03:00', '2023-11-15 15:03:00'),
(504, 4, 9, 242, 5, 3, 2, 0, 'ضعيف جدا', '2023-11-15 15:03:00', '2023-11-15 15:03:00'),
(505, 4, 10, 242, 67, 20, 10, 0, 'ممتاز', '2023-11-15 15:03:00', '2023-11-15 15:03:00'),
(506, 4, 11, 242, 39, 18, 8, 0, 'جيد', '2023-11-15 15:03:00', '2023-11-15 15:03:00'),
(507, 4, 12, 242, 28, 18, 9, 0, 'مقبول', '2023-11-15 15:03:00', '2023-11-15 15:03:00'),
(508, 4, 13, 242, 51, 20, 9, 0, 'جيد جدا', '2023-11-15 15:03:00', '2023-11-15 15:03:00'),
(509, 4, 14, 242, 70, 20, 10, 0, 'ممتاز', '2023-11-15 15:03:00', '2023-11-15 15:03:00'),
(510, 4, 15, 242, 55, 19, 9, 0, 'جيد جدا', '2023-11-15 15:03:00', '2023-11-15 15:03:00'),
(511, 4, 16, 242, 48, 17, 8, 0, 'جيد', '2023-11-15 15:03:00', '2023-11-15 15:03:00'),
(512, 4, 17, 242, 45, 19, 9, 0, 'جيد', '2023-11-15 15:03:00', '2023-11-15 15:03:00'),
(513, 4, 18, 242, 38, 18, 9, 0, 'جيد', '2023-11-15 15:03:00', '2023-11-15 15:03:00'),
(514, 4, 19, 242, 53, 18, 9, 0, 'جيد جدا', '2023-11-15 15:03:00', '2023-11-15 15:03:00'),
(515, 4, 20, 242, 43, 19, 9, 0, 'جيد', '2023-11-15 15:03:00', '2023-11-15 15:03:00'),
(516, 4, 21, 242, 68, 20, 10, 0, 'ممتاز', '2023-11-15 15:03:00', '2023-11-15 15:03:00'),
(517, 4, 22, 242, 31, 20, 9, 0, 'مقبول', '2023-11-15 15:03:00', '2023-11-15 15:03:00'),
(518, 4, 23, 242, 44, 18, 8, 0, 'جيد', '2023-11-15 15:03:00', '2023-11-15 15:03:00'),
(519, 4, 24, 242, 42, 19, 9, 0, 'جيد', '2023-11-15 15:03:00', '2023-11-15 15:03:00'),
(520, 4, 25, 242, 57, 16, 7, 0, 'جيد جدا', '2023-11-15 15:03:00', '2023-11-15 15:03:00'),
(521, 4, 26, 242, 67, 20, 10, 0, 'ممتاز', '2023-11-15 15:03:00', '2023-11-15 15:03:00'),
(522, 4, 27, 242, 40, 19, 9, 0, 'جيد', '2023-11-15 15:03:00', '2023-11-15 15:03:00'),
(523, 4, 28, 242, 37, 19, 9, 0, 'جيد', '2023-11-15 15:03:00', '2023-11-15 15:03:00'),
(524, 4, 29, 242, 62, 20, 9, 0, 'ممتاز', '2023-11-15 15:03:00', '2023-11-15 15:03:00'),
(525, 4, 30, 242, 36, 19, 9, 1, 'جيد', '2023-11-15 13:08:05', '2023-11-15 15:08:05'),
(526, 4, 31, 242, 34, 18, 9, 0, 'مقبول', '2023-11-15 15:03:00', '2023-11-15 15:03:00'),
(527, 4, 32, 242, 43, 18, 9, 0, 'جيد', '2023-11-15 15:03:00', '2023-11-15 15:03:00'),
(528, 4, 33, 242, 35, 18, 8, 0, 'مقبول', '2023-11-15 15:03:01', '2023-11-15 15:03:01'),
(529, 4, 34, 242, 68, 20, 10, 0, 'ممتاز', '2023-11-15 15:03:01', '2023-11-15 15:03:01'),
(530, 4, 35, 242, 49, 19, 9, 0, 'جيد جدا', '2023-11-15 15:03:01', '2023-11-15 15:03:01'),
(531, 4, 36, 242, 50, 18, 9, 0, 'جيد جدا', '2023-11-15 15:03:01', '2023-11-15 15:03:01'),
(532, 4, 37, 242, 50, 17, 8, 0, 'جيد جدا', '2023-11-15 15:03:01', '2023-11-15 15:03:01'),
(533, 4, 38, 242, 57, 18, 9, 1, 'ممتاز', '2023-11-15 13:08:06', '2023-11-15 15:08:06'),
(534, 4, 39, 242, 37, 16, 7, 0, 'مقبول', '2023-11-15 15:03:01', '2023-11-15 15:03:01'),
(535, 4, 40, 242, 57, 18, 9, 1, 'ممتاز', '2023-11-15 13:08:06', '2023-11-15 15:08:06'),
(536, 4, 41, 242, 57, 19, 9, 0, 'ممتاز', '2023-11-15 15:03:01', '2023-11-15 15:03:01'),
(537, 4, 42, 242, 45, 17, 8, 0, 'جيد', '2023-11-15 15:03:01', '2023-11-15 15:03:01'),
(538, 4, 43, 242, 48, 18, 9, 0, 'جيد جدا', '2023-11-15 15:03:01', '2023-11-15 15:03:01'),
(539, 4, 44, 242, 47, 20, 9, 0, 'جيد جدا', '2023-11-15 15:03:01', '2023-11-15 15:03:01'),
(540, 4, 45, 242, 68, 19, 9, 0, 'ممتاز', '2023-11-15 15:03:01', '2023-11-15 15:03:01'),
(541, 4, 46, 242, 50, 18, 9, 0, 'جيد جدا', '2023-11-15 15:03:01', '2023-11-15 15:03:01'),
(542, 4, 47, 242, 46, 10, 5, 0, 'مقبول', '2023-11-15 15:03:01', '2023-11-15 15:03:01'),
(543, 4, 48, 242, 43, 18, 9, 0, 'جيد', '2023-11-15 15:03:01', '2023-11-15 15:03:01'),
(544, 4, 49, 242, 58, 18, 9, 0, 'ممتاز', '2023-11-15 15:03:01', '2023-11-15 15:03:01'),
(545, 4, 50, 242, 42, 19, 9, 0, 'جيد', '2023-11-15 15:03:01', '2023-11-15 15:03:01'),
(546, 4, 51, 242, NULL, 0, 0, 0, 'غياب', '2023-11-15 15:03:01', '2023-11-15 15:03:01'),
(547, 4, 52, 242, 53, 18, 9, 0, 'جيد جدا', '2023-11-15 15:03:01', '2023-11-15 15:03:01'),
(548, 4, 53, 242, 58, 18, 9, 0, 'ممتاز', '2023-11-15 15:03:01', '2023-11-15 15:03:01'),
(549, 4, 54, 242, 57, 19, 9, 0, 'ممتاز', '2023-11-15 15:03:01', '2023-11-15 15:03:01'),
(550, 4, 55, 242, 50, 17, 8, 0, 'جيد جدا', '2023-11-15 15:03:02', '2023-11-15 15:03:02'),
(551, 4, 56, 242, 41, 10, 5, 0, 'مقبول', '2023-11-15 15:03:02', '2023-11-15 15:03:02'),
(552, 4, 57, 242, 38, 18, 9, 0, 'جيد', '2023-11-15 15:03:02', '2023-11-15 15:03:02'),
(553, 4, 58, 242, 49, 18, 8, 0, 'جيد جدا', '2023-11-15 15:03:02', '2023-11-15 15:03:02'),
(554, 4, 59, 242, 27, 19, 9, 0, 'مقبول', '2023-11-15 15:03:02', '2023-11-15 15:03:02'),
(555, 4, 60, 242, 54, 3, 2, 0, 'مقبول', '2023-11-15 15:03:02', '2023-11-15 15:03:02'),
(556, 4, 61, 242, 50, 18, 8, 0, 'جيد جدا', '2023-11-15 15:03:02', '2023-11-15 15:03:02'),
(557, 4, 62, 242, 37, 10, 5, 0, 'مقبول', '2023-11-15 15:03:02', '2023-11-15 15:03:02'),
(558, 4, 63, 242, 51, 7, 3, 0, 'مقبول', '2023-11-15 15:03:02', '2023-11-15 15:03:02'),
(559, 4, 64, 242, 47, 19, 9, 0, 'جيد جدا', '2023-11-15 15:03:02', '2023-11-15 15:03:02'),
(560, 4, 65, 242, 43, 7, 3, 0, 'مقبول', '2023-11-15 15:03:02', '2023-11-15 15:03:02'),
(561, 4, 66, 242, 46, 18, 8, 0, 'جيد', '2023-11-15 15:03:02', '2023-11-15 15:03:02'),
(562, 4, 67, 242, 43, 17, 8, 0, 'جيد', '2023-11-15 15:03:02', '2023-11-15 15:03:02'),
(563, 4, 68, 242, NULL, 0, 0, 0, 'غياب', '2023-11-15 15:03:02', '2023-11-15 15:03:02'),
(564, 4, 69, 242, 56, 18, 8, 0, 'جيد جدا', '2023-11-15 15:03:02', '2023-11-15 15:03:02'),
(565, 4, 70, 242, 24, 18, 8, 0, 'مقبول', '2023-11-15 15:03:02', '2023-11-15 15:03:02'),
(566, 4, 71, 242, 63, 20, 10, 0, 'ممتاز', '2023-11-15 15:03:02', '2023-11-15 15:03:02'),
(567, 4, 72, 242, 45, 19, 9, 0, 'جيد', '2023-11-15 15:03:02', '2023-11-15 15:03:02'),
(568, 4, 73, 242, 58, 7, 3, 0, 'جيد', '2023-11-15 15:03:02', '2023-11-15 15:03:02'),
(569, 4, 74, 242, 31, 13, 6, 0, 'مقبول', '2023-11-15 15:03:02', '2023-11-15 15:03:02'),
(570, 4, 75, 242, 45, 18, 9, 0, 'جيد', '2023-11-15 15:03:02', '2023-11-15 15:03:02'),
(571, 4, 76, 242, NULL, 0, 0, 0, 'غياب', '2023-11-15 15:03:03', '2023-11-15 15:03:03'),
(572, 4, 77, 242, 27, 16, 7, 0, 'مقبول', '2023-11-15 15:03:03', '2023-11-15 15:03:03'),
(573, 4, 78, 242, 0, 7, 3, 0, 'ضعيف جدا', '2023-11-15 15:03:03', '2023-11-15 15:03:03'),
(574, 4, 79, 242, 43, 17, 8, 0, 'جيد', '2023-11-15 15:03:03', '2023-11-15 15:03:03'),
(575, 4, 80, 242, 30, 13, 7, 0, 'مقبول', '2023-11-15 15:03:03', '2023-11-15 15:03:03'),
(576, 4, 81, 242, 21, 20, 9, 0, 'مقبول', '2023-11-15 15:03:03', '2023-11-15 15:03:03'),
(577, 4, 82, 242, 54, 18, 8, 0, 'جيد جدا', '2023-11-15 15:03:03', '2023-11-15 15:03:03'),
(578, 4, 83, 242, 55, 17, 8, 0, 'جيد جدا', '2023-11-15 15:03:03', '2023-11-15 15:03:03'),
(579, 4, 84, 242, 32, 12, 6, 0, 'مقبول', '2023-11-15 15:03:03', '2023-11-15 15:03:03'),
(580, 4, 85, 242, 27, 16, 7, 0, 'مقبول', '2023-11-15 15:03:03', '2023-11-15 15:03:03');
INSERT INTO `results` (`id`, `yearsemester_id`, `students_id`, `subjects_id`, `written`, `kpis`, `applied`, `bonus`, `grade`, `created_at`, `updated_at`) VALUES
(581, 4, 86, 242, 27, 19, 9, 0, 'مقبول', '2023-11-15 15:03:03', '2023-11-15 15:03:03'),
(582, 4, 87, 242, 26, 16, 8, 0, 'مقبول', '2023-11-15 15:03:03', '2023-11-15 15:03:03'),
(583, 4, 88, 242, 21, 20, 9, 0, 'مقبول', '2023-11-15 15:03:03', '2023-11-15 15:03:03'),
(584, 4, 89, 242, NULL, 0, 0, 0, 'غياب', '2023-11-15 15:03:03', '2023-11-15 15:03:03'),
(585, 4, 90, 242, 34, 18, 8, 0, 'مقبول', '2023-11-15 15:03:03', '2023-11-15 15:03:03'),
(586, 4, 91, 242, 18, 16, 8, 0, 'ضعيف', '2023-11-15 15:03:03', '2023-11-15 15:03:03'),
(587, 4, 92, 242, 17, 15, 7, 0, 'ضعيف', '2023-11-15 15:03:03', '2023-11-15 15:03:03'),
(588, 4, 93, 242, 60, 18, 9, 0, 'ممتاز', '2023-11-15 15:03:03', '2023-11-15 15:03:03'),
(589, 4, 94, 242, 22, 19, 9, 0, 'مقبول', '2023-11-15 15:03:03', '2023-11-15 15:03:03'),
(590, 4, 95, 242, 33, 18, 9, 0, 'مقبول', '2023-11-15 15:03:03', '2023-11-15 15:03:03'),
(591, 4, 96, 242, 10, 3, 2, 0, 'ضعيف جدا', '2023-11-15 15:03:03', '2023-11-15 15:03:03'),
(592, 4, 97, 242, 24, 18, 8, 0, 'مقبول', '2023-11-15 15:03:03', '2023-11-15 15:03:03'),
(593, 4, 98, 242, 59, 13, 6, 0, 'جيد جدا', '2023-11-15 15:03:03', '2023-11-15 15:03:03'),
(594, 4, 99, 242, 70, 20, 10, 0, 'ممتاز', '2023-11-15 15:03:04', '2023-11-15 15:03:04'),
(595, 4, 1, 243, 15, 3, 7, 0, 'ضعيف جدا', '2023-11-15 15:03:35', '2023-11-15 15:03:35'),
(596, 4, 2, 243, 23, 8, 9, 0, 'ضعيف', '2023-11-15 15:03:35', '2023-11-15 15:03:35'),
(597, 4, 3, 243, 21, 20, 9, 0, 'مقبول', '2023-11-15 15:03:35', '2023-11-15 15:03:35'),
(598, 4, 4, 243, 21, 20, 9, 0, 'مقبول', '2023-11-15 15:03:35', '2023-11-15 15:03:35'),
(599, 4, 5, 243, 28, 18, 8, 0, 'مقبول', '2023-11-15 15:03:35', '2023-11-15 15:03:35'),
(600, 4, 6, 243, 10, 3, 5, 0, 'ضعيف جدا', '2023-11-15 15:03:35', '2023-11-15 15:03:35'),
(601, 4, 7, 243, 25, 18, 8, 0, 'مقبول', '2023-11-15 15:03:35', '2023-11-15 15:03:35'),
(602, 4, 8, 243, 35, 18, 9, 0, 'مقبول', '2023-11-15 15:03:35', '2023-11-15 15:03:35'),
(603, 4, 9, 243, 12, 7, 3, 0, 'ضعيف جدا', '2023-11-15 15:03:35', '2023-11-15 15:03:35'),
(604, 4, 10, 243, 43, 19, 9, 0, 'جيد', '2023-11-15 15:03:35', '2023-11-15 15:03:35'),
(605, 4, 11, 243, 28, 18, 8, 0, 'مقبول', '2023-11-15 15:03:35', '2023-11-15 15:03:35'),
(606, 4, 12, 243, 21, 20, 9, 0, 'مقبول', '2023-11-15 15:03:35', '2023-11-15 15:03:35'),
(607, 4, 13, 243, 35, 18, 9, 0, 'مقبول', '2023-11-15 15:03:35', '2023-11-15 15:03:35'),
(608, 4, 14, 243, 62, 19, 9, 0, 'ممتاز', '2023-11-15 15:03:35', '2023-11-15 15:03:35'),
(609, 4, 15, 243, 26, 17, 8, 0, 'مقبول', '2023-11-15 15:03:35', '2023-11-15 15:03:35'),
(610, 4, 16, 243, 28, 18, 8, 0, 'مقبول', '2023-11-15 15:03:35', '2023-11-15 15:03:35'),
(611, 4, 17, 243, 22, 19, 9, 0, 'مقبول', '2023-11-15 15:03:35', '2023-11-15 15:03:35'),
(612, 4, 18, 243, 27, 17, 8, 0, 'مقبول', '2023-11-15 15:03:35', '2023-11-15 15:03:35'),
(613, 4, 19, 243, 28, 17, 8, 0, 'مقبول', '2023-11-15 15:03:35', '2023-11-15 15:03:35'),
(614, 4, 20, 243, 21, 20, 9, 0, 'مقبول', '2023-11-15 15:03:35', '2023-11-15 15:03:35'),
(615, 4, 21, 243, 22, 19, 9, 0, 'مقبول', '2023-11-15 15:03:35', '2023-11-15 15:03:35'),
(616, 4, 22, 243, 22, 19, 9, 0, 'مقبول', '2023-11-15 15:03:35', '2023-11-15 15:03:35'),
(617, 4, 23, 243, 21, 20, 9, 0, 'مقبول', '2023-11-15 15:03:35', '2023-11-15 15:03:35'),
(618, 4, 24, 243, 32, 19, 9, 0, 'مقبول', '2023-11-15 15:03:35', '2023-11-15 15:03:35'),
(619, 4, 25, 243, 33, 12, 10, 0, 'مقبول', '2023-11-15 15:03:35', '2023-11-15 15:03:35'),
(620, 4, 26, 243, 37, 18, 9, 1, 'جيد', '2023-11-15 13:08:05', '2023-11-15 15:08:05'),
(621, 4, 27, 243, 30, 12, 10, 0, 'مقبول', '2023-11-15 15:03:36', '2023-11-15 15:03:36'),
(622, 4, 28, 243, 22, 19, 9, 0, 'مقبول', '2023-11-15 15:03:36', '2023-11-15 15:03:36'),
(623, 4, 29, 243, 27, 17, 8, 0, 'مقبول', '2023-11-15 15:03:36', '2023-11-15 15:03:36'),
(624, 4, 30, 243, 21, 20, 9, 0, 'مقبول', '2023-11-15 15:03:36', '2023-11-15 15:03:36'),
(625, 4, 31, 243, 21, 20, 9, 0, 'مقبول', '2023-11-15 15:03:36', '2023-11-15 15:03:36'),
(626, 4, 32, 243, 22, 19, 9, 0, 'مقبول', '2023-11-15 15:03:36', '2023-11-15 15:03:36'),
(627, 4, 33, 243, 21, 20, 9, 0, 'مقبول', '2023-11-15 15:03:36', '2023-11-15 15:03:36'),
(628, 4, 34, 243, 42, 18, 9, 0, 'جيد', '2023-11-15 15:03:36', '2023-11-15 15:03:36'),
(629, 4, 35, 243, 26, 17, 8, 0, 'مقبول', '2023-11-15 15:03:36', '2023-11-15 15:03:36'),
(630, 4, 36, 243, 30, 18, 8, 0, 'مقبول', '2023-11-15 15:03:36', '2023-11-15 15:03:36'),
(631, 4, 37, 243, 37, 18, 9, 1, 'جيد', '2023-11-15 13:08:06', '2023-11-15 15:08:06'),
(632, 4, 38, 243, 21, 20, 9, 0, 'مقبول', '2023-11-15 15:03:36', '2023-11-15 15:03:36'),
(633, 4, 39, 243, 21, 20, 9, 0, 'مقبول', '2023-11-15 15:03:36', '2023-11-15 15:03:36'),
(634, 4, 40, 243, 34, 18, 8, 0, 'مقبول', '2023-11-15 15:03:36', '2023-11-15 15:03:36'),
(635, 4, 41, 243, 36, 18, 9, 0, 'مقبول', '2023-11-15 15:03:36', '2023-11-15 15:03:36'),
(636, 4, 42, 243, 33, 18, 8, 0, 'مقبول', '2023-11-15 15:03:36', '2023-11-15 15:03:36'),
(637, 4, 43, 243, 37, 18, 9, 1, 'جيد', '2023-11-15 13:08:06', '2023-11-15 15:08:06'),
(638, 4, 44, 243, 21, 20, 9, 0, 'مقبول', '2023-11-15 15:03:36', '2023-11-15 15:03:36'),
(639, 4, 45, 243, 26, 17, 8, 0, 'مقبول', '2023-11-15 15:03:36', '2023-11-15 15:03:36'),
(640, 4, 46, 243, 25, 17, 8, 0, 'مقبول', '2023-11-15 15:03:36', '2023-11-15 15:03:36'),
(641, 4, 47, 243, 21, 20, 9, 0, 'مقبول', '2023-11-15 15:03:36', '2023-11-15 15:03:36'),
(642, 4, 48, 243, 34, 18, 8, 0, 'مقبول', '2023-11-15 15:03:36', '2023-11-15 15:03:36'),
(643, 4, 49, 243, 25, 17, 8, 0, 'مقبول', '2023-11-15 15:03:36', '2023-11-15 15:03:36'),
(644, 4, 50, 243, 22, 19, 9, 0, 'مقبول', '2023-11-15 15:03:36', '2023-11-15 15:03:36'),
(645, 4, 51, 243, NULL, 0, 0, 0, 'غياب', '2023-11-15 15:03:36', '2023-11-15 15:03:36'),
(646, 4, 52, 243, 27, 17, 8, 0, 'مقبول', '2023-11-15 15:03:36', '2023-11-15 15:03:36'),
(647, 4, 53, 243, 32, 18, 8, 0, 'مقبول', '2023-11-15 15:03:36', '2023-11-15 15:03:36'),
(648, 4, 54, 243, 22, 19, 9, 0, 'مقبول', '2023-11-15 15:03:36', '2023-11-15 15:03:36'),
(649, 4, 55, 243, 25, 17, 8, 0, 'مقبول', '2023-11-15 15:03:37', '2023-11-15 15:03:37'),
(650, 4, 56, 243, 29, 18, 8, 0, 'مقبول', '2023-11-15 15:03:37', '2023-11-15 15:03:37'),
(651, 4, 57, 243, 21, 20, 9, 0, 'مقبول', '2023-11-15 15:03:37', '2023-11-15 15:03:37'),
(652, 4, 58, 243, 22, 19, 9, 0, 'مقبول', '2023-11-15 15:03:37', '2023-11-15 15:03:37'),
(653, 4, 59, 243, 26, 17, 8, 0, 'مقبول', '2023-11-15 15:03:37', '2023-11-15 15:03:37'),
(654, 4, 60, 243, 22, 19, 9, 0, 'مقبول', '2023-11-15 15:03:37', '2023-11-15 15:03:37'),
(655, 4, 61, 243, 21, 20, 9, 0, 'مقبول', '2023-11-15 15:03:37', '2023-11-15 15:03:37'),
(656, 4, 62, 243, 25, 17, 8, 0, 'مقبول', '2023-11-15 15:03:37', '2023-11-15 15:03:37'),
(657, 4, 63, 243, 21, 20, 9, 0, 'مقبول', '2023-11-15 15:03:37', '2023-11-15 15:03:37'),
(658, 4, 64, 243, 21, 20, 9, 0, 'مقبول', '2023-11-15 15:03:37', '2023-11-15 15:03:37'),
(659, 4, 65, 243, 14, 7, 3, 0, 'ضعيف جدا', '2023-11-15 15:03:37', '2023-11-15 15:03:37'),
(660, 4, 66, 243, 22, 19, 9, 0, 'مقبول', '2023-11-15 15:03:37', '2023-11-15 15:03:37'),
(661, 4, 67, 243, 12, 7, 3, 0, 'ضعيف جدا', '2023-11-15 15:03:37', '2023-11-15 15:03:37'),
(662, 4, 68, 243, NULL, 0, 0, 0, 'غياب', '2023-11-15 15:03:37', '2023-11-15 15:03:37'),
(663, 4, 69, 243, 22, 19, 9, 0, 'مقبول', '2023-11-15 15:03:37', '2023-11-15 15:03:37'),
(664, 4, 70, 243, 21, 20, 9, 0, 'مقبول', '2023-11-15 15:03:37', '2023-11-15 15:03:37'),
(665, 4, 71, 243, 33, 18, 9, 0, 'مقبول', '2023-11-15 15:03:37', '2023-11-15 15:03:37'),
(666, 4, 72, 243, 30, 18, 9, 0, 'مقبول', '2023-11-15 15:03:37', '2023-11-15 15:03:37'),
(667, 4, 73, 243, 40, 18, 9, 0, 'جيد', '2023-11-15 15:03:37', '2023-11-15 15:03:37'),
(668, 4, 74, 243, 10, 5, 3, 0, 'ضعيف جدا', '2023-11-15 15:03:37', '2023-11-15 15:03:37'),
(669, 4, 75, 243, 24, 18, 8, 0, 'مقبول', '2023-11-15 15:03:37', '2023-11-15 15:03:37'),
(670, 4, 76, 243, NULL, 0, 0, 0, 'غياب', '2023-11-15 15:03:37', '2023-11-15 15:03:37'),
(671, 4, 77, 243, 21, 20, 9, 0, 'مقبول', '2023-11-15 15:03:37', '2023-11-15 15:03:37'),
(672, 4, 78, 243, 2, 3, 2, 0, 'ضعيف جدا', '2023-11-15 15:03:37', '2023-11-15 15:03:37'),
(673, 4, 79, 243, 36, 17, 8, 0, 'مقبول', '2023-11-15 15:03:37', '2023-11-15 15:03:37'),
(674, 4, 80, 243, 27, 17, 8, 0, 'مقبول', '2023-11-15 15:03:37', '2023-11-15 15:03:37'),
(675, 4, 81, 243, 27, 17, 8, 0, 'مقبول', '2023-11-15 15:03:37', '2023-11-15 15:03:37'),
(676, 4, 82, 243, 23, 18, 9, 0, 'مقبول', '2023-11-15 15:03:38', '2023-11-15 15:03:38'),
(677, 4, 83, 243, 32, 12, 10, 0, 'مقبول', '2023-11-15 15:03:38', '2023-11-15 15:03:38'),
(678, 4, 84, 243, 21, 20, 9, 0, 'مقبول', '2023-11-15 15:03:38', '2023-11-15 15:03:38'),
(679, 4, 85, 243, 25, 17, 8, 0, 'مقبول', '2023-11-15 15:03:38', '2023-11-15 15:03:38'),
(680, 4, 86, 243, 21, 20, 9, 0, 'مقبول', '2023-11-15 15:03:38', '2023-11-15 15:03:38'),
(681, 4, 87, 243, 21, 20, 9, 0, 'مقبول', '2023-11-15 15:03:38', '2023-11-15 15:03:38'),
(682, 4, 88, 243, 21, 20, 9, 0, 'مقبول', '2023-11-15 15:03:38', '2023-11-15 15:03:38'),
(683, 4, 89, 243, NULL, 0, 0, 0, 'غياب', '2023-11-15 15:03:38', '2023-11-15 15:03:38'),
(684, 4, 90, 243, 30, 18, 8, 0, 'مقبول', '2023-11-15 15:03:38', '2023-11-15 15:03:38'),
(685, 4, 91, 243, 21, 20, 9, 0, 'مقبول', '2023-11-15 15:03:38', '2023-11-15 15:03:38'),
(686, 4, 92, 243, 26, 17, 8, 0, 'مقبول', '2023-11-15 15:03:38', '2023-11-15 15:03:38'),
(687, 4, 93, 243, 42, 18, 9, 0, 'جيد', '2023-11-15 15:03:38', '2023-11-15 15:03:38'),
(688, 4, 94, 243, 30, 18, 8, 0, 'مقبول', '2023-11-15 15:03:38', '2023-11-15 15:03:38'),
(689, 4, 95, 243, 25, 17, 8, 0, 'مقبول', '2023-11-15 15:03:38', '2023-11-15 15:03:38'),
(690, 4, 96, 243, 21, 20, 9, 0, 'مقبول', '2023-11-15 15:03:38', '2023-11-15 15:03:38'),
(691, 4, 97, 243, 28, 17, 8, 0, 'مقبول', '2023-11-15 15:03:38', '2023-11-15 15:03:38'),
(692, 4, 98, 243, 39, 12, 10, 0, 'مقبول', '2023-11-15 15:03:38', '2023-11-15 15:03:38'),
(693, 4, 99, 243, 37, 18, 8, 0, 'مقبول', '2023-11-15 15:03:38', '2023-11-15 15:03:38'),
(694, 5, 1, 244, 50, 0, 0, 0, 'مقبول', '2023-11-15 15:04:10', '2023-11-15 15:04:10'),
(695, 5, 2, 244, 50, 0, 0, 0, 'مقبول', '2023-11-15 15:04:10', '2023-11-15 15:04:10'),
(696, 5, 3, 244, 50, 0, 0, 0, 'مقبول', '2023-11-15 15:04:10', '2023-11-15 15:04:10'),
(697, 5, 4, 244, 50, 0, 0, 0, 'مقبول', '2023-11-15 15:04:10', '2023-11-15 15:04:10'),
(698, 5, 5, 244, 50, 0, 0, 0, 'مقبول', '2023-11-15 15:04:10', '2023-11-15 15:04:10'),
(699, 5, 6, 244, 50, 0, 0, 0, 'مقبول', '2023-11-15 15:04:10', '2023-11-15 15:04:10'),
(700, 5, 7, 244, 50, 0, 0, 0, 'مقبول', '2023-11-15 15:04:10', '2023-11-15 15:04:10'),
(701, 5, 8, 244, 50, 0, 0, 0, 'مقبول', '2023-11-15 15:04:10', '2023-11-15 15:04:10'),
(702, 5, 9, 244, 50, 0, 0, 0, 'مقبول', '2023-11-15 15:04:10', '2023-11-15 15:04:10'),
(703, 5, 10, 244, 50, 0, 0, 0, 'مقبول', '2023-11-15 15:04:10', '2023-11-15 15:04:10'),
(704, 5, 11, 244, 50, 0, 0, 0, 'مقبول', '2023-11-15 15:04:10', '2023-11-15 15:04:10'),
(705, 5, 12, 244, 50, 0, 0, 0, 'مقبول', '2023-11-15 15:04:10', '2023-11-15 15:04:10'),
(706, 5, 13, 244, 50, 0, 0, 0, 'مقبول', '2023-11-15 15:04:10', '2023-11-15 15:04:10'),
(707, 5, 14, 244, 50, 0, 0, 0, 'مقبول', '2023-11-15 15:04:10', '2023-11-15 15:04:10'),
(708, 5, 15, 244, 0, 0, 0, 0, 'ضعيف جدا', '2023-11-15 15:04:10', '2023-11-15 15:04:10'),
(709, 5, 16, 244, 50, 0, 0, 0, 'مقبول', '2023-11-15 15:04:10', '2023-11-15 15:04:10'),
(710, 5, 17, 244, 50, 0, 0, 0, 'مقبول', '2023-11-15 15:04:10', '2023-11-15 15:04:10'),
(711, 5, 18, 244, 50, 0, 0, 0, 'مقبول', '2023-11-15 15:04:10', '2023-11-15 15:04:10'),
(712, 5, 19, 244, 0, 0, 0, 0, 'ضعيف جدا', '2023-11-15 15:04:10', '2023-11-15 15:04:10'),
(713, 5, 20, 244, 50, 0, 0, 0, 'مقبول', '2023-11-15 15:04:10', '2023-11-15 15:04:10'),
(714, 5, 21, 244, 50, 0, 0, 0, 'مقبول', '2023-11-15 15:04:11', '2023-11-15 15:04:11'),
(715, 5, 22, 244, 50, 0, 0, 0, 'مقبول', '2023-11-15 15:04:11', '2023-11-15 15:04:11'),
(716, 5, 23, 244, 50, 0, 0, 0, 'مقبول', '2023-11-15 15:04:11', '2023-11-15 15:04:11'),
(717, 5, 24, 244, 50, 0, 0, 0, 'مقبول', '2023-11-15 15:04:11', '2023-11-15 15:04:11'),
(718, 5, 25, 244, 50, 0, 0, 0, 'مقبول', '2023-11-15 15:04:11', '2023-11-15 15:04:11'),
(719, 5, 26, 244, 50, 0, 0, 0, 'مقبول', '2023-11-15 15:04:11', '2023-11-15 15:04:11'),
(720, 5, 27, 244, 50, 0, 0, 0, 'مقبول', '2023-11-15 15:04:11', '2023-11-15 15:04:11'),
(721, 5, 28, 244, 50, 0, 0, 0, 'مقبول', '2023-11-15 15:04:11', '2023-11-15 15:04:11'),
(722, 5, 29, 244, 50, 0, 0, 0, 'مقبول', '2023-11-15 15:04:11', '2023-11-15 15:04:11'),
(723, 5, 30, 244, 50, 0, 0, 0, 'مقبول', '2023-11-15 15:04:11', '2023-11-15 15:04:11'),
(724, 5, 31, 244, 50, 0, 0, 0, 'مقبول', '2023-11-15 15:04:11', '2023-11-15 15:04:11'),
(725, 5, 32, 244, 50, 0, 0, 0, 'مقبول', '2023-11-15 15:04:11', '2023-11-15 15:04:11'),
(726, 5, 33, 244, 50, 0, 0, 0, 'مقبول', '2023-11-15 15:04:11', '2023-11-15 15:04:11'),
(727, 5, 34, 244, 50, 0, 0, 0, 'مقبول', '2023-11-15 15:04:11', '2023-11-15 15:04:11'),
(728, 5, 35, 244, 50, 0, 0, 0, 'مقبول', '2023-11-15 15:04:11', '2023-11-15 15:04:11'),
(729, 5, 36, 244, 50, 0, 0, 0, 'مقبول', '2023-11-15 15:04:11', '2023-11-15 15:04:11'),
(730, 5, 37, 244, 50, 0, 0, 0, 'مقبول', '2023-11-15 15:04:11', '2023-11-15 15:04:11'),
(731, 5, 38, 244, 50, 0, 0, 0, 'مقبول', '2023-11-15 15:04:11', '2023-11-15 15:04:11'),
(732, 5, 39, 244, 50, 0, 0, 0, 'مقبول', '2023-11-15 15:04:11', '2023-11-15 15:04:11'),
(733, 5, 40, 244, 50, 0, 0, 0, 'مقبول', '2023-11-15 15:04:11', '2023-11-15 15:04:11'),
(734, 5, 41, 244, 50, 0, 0, 0, 'مقبول', '2023-11-15 15:04:11', '2023-11-15 15:04:11'),
(735, 5, 42, 244, 50, 0, 0, 0, 'مقبول', '2023-11-15 15:04:11', '2023-11-15 15:04:11'),
(736, 5, 43, 244, 50, 0, 0, 0, 'مقبول', '2023-11-15 15:04:11', '2023-11-15 15:04:11'),
(737, 5, 44, 244, 50, 0, 0, 0, 'مقبول', '2023-11-15 15:04:11', '2023-11-15 15:04:11'),
(738, 5, 45, 244, 50, 0, 0, 0, 'مقبول', '2023-11-15 15:04:11', '2023-11-15 15:04:11'),
(739, 5, 46, 244, 50, 0, 0, 0, 'مقبول', '2023-11-15 15:04:11', '2023-11-15 15:04:11'),
(740, 5, 47, 244, 0, 0, 0, 0, 'ضعيف جدا', '2023-11-15 15:04:11', '2023-11-15 15:04:11'),
(741, 5, 48, 244, 50, 0, 0, 0, 'مقبول', '2023-11-15 15:04:11', '2023-11-15 15:04:11'),
(742, 5, 49, 244, 50, 0, 0, 0, 'مقبول', '2023-11-15 15:04:11', '2023-11-15 15:04:11'),
(743, 5, 50, 244, 50, 0, 0, 0, 'مقبول', '2023-11-15 15:04:11', '2023-11-15 15:04:11'),
(744, 5, 51, 244, 0, 0, 0, 0, 'ضعيف جدا', '2023-11-15 15:04:11', '2023-11-15 15:04:11'),
(745, 5, 52, 244, 50, 0, 0, 0, 'مقبول', '2023-11-15 15:04:11', '2023-11-15 15:04:11'),
(746, 5, 53, 244, 50, 0, 0, 0, 'مقبول', '2023-11-15 15:04:12', '2023-11-15 15:04:12'),
(747, 5, 54, 244, 50, 0, 0, 0, 'مقبول', '2023-11-15 15:04:12', '2023-11-15 15:04:12'),
(748, 5, 55, 244, 50, 0, 0, 0, 'مقبول', '2023-11-15 15:04:12', '2023-11-15 15:04:12'),
(749, 5, 56, 244, 50, 0, 0, 0, 'مقبول', '2023-11-15 15:04:12', '2023-11-15 15:04:12'),
(750, 5, 57, 244, 50, 0, 0, 0, 'مقبول', '2023-11-15 15:04:12', '2023-11-15 15:04:12'),
(751, 5, 58, 244, 50, 0, 0, 0, 'مقبول', '2023-11-15 15:04:12', '2023-11-15 15:04:12'),
(752, 5, 59, 244, 50, 0, 0, 0, 'مقبول', '2023-11-15 15:04:12', '2023-11-15 15:04:12'),
(753, 5, 60, 244, 50, 0, 0, 0, 'مقبول', '2023-11-15 15:04:12', '2023-11-15 15:04:12'),
(754, 5, 61, 244, 50, 0, 0, 0, 'مقبول', '2023-11-15 15:04:12', '2023-11-15 15:04:12'),
(755, 5, 62, 244, 50, 0, 0, 0, 'مقبول', '2023-11-15 15:04:12', '2023-11-15 15:04:12'),
(756, 5, 63, 244, 50, 0, 0, 0, 'مقبول', '2023-11-15 15:04:12', '2023-11-15 15:04:12'),
(757, 5, 64, 244, 50, 0, 0, 0, 'مقبول', '2023-11-15 15:04:12', '2023-11-15 15:04:12'),
(758, 5, 65, 244, 50, 0, 0, 0, 'مقبول', '2023-11-15 15:04:12', '2023-11-15 15:04:12'),
(759, 5, 66, 244, 50, 0, 0, 0, 'مقبول', '2023-11-15 15:04:12', '2023-11-15 15:04:12'),
(760, 5, 67, 244, 50, 0, 0, 0, 'مقبول', '2023-11-15 15:04:12', '2023-11-15 15:04:12'),
(761, 5, 68, 244, NULL, 0, 0, 0, 'غياب', '2023-11-15 15:04:12', '2023-11-15 15:04:12'),
(762, 5, 69, 244, 50, 0, 0, 0, 'مقبول', '2023-11-15 15:04:12', '2023-11-15 15:04:12'),
(763, 5, 70, 244, 0, 0, 0, 0, 'ضعيف جدا', '2023-11-15 15:04:12', '2023-11-15 15:04:12'),
(764, 5, 71, 244, 50, 0, 0, 0, 'مقبول', '2023-11-15 15:04:12', '2023-11-15 15:04:12'),
(765, 5, 72, 244, 50, 0, 0, 0, 'مقبول', '2023-11-15 15:04:12', '2023-11-15 15:04:12'),
(766, 5, 73, 244, 50, 0, 0, 0, 'مقبول', '2023-11-15 15:04:12', '2023-11-15 15:04:12'),
(767, 5, 74, 244, 50, 0, 0, 0, 'مقبول', '2023-11-15 15:04:12', '2023-11-15 15:04:12'),
(768, 5, 75, 244, 50, 0, 0, 0, 'مقبول', '2023-11-15 15:04:12', '2023-11-15 15:04:12'),
(769, 5, 76, 244, NULL, 0, 0, 0, 'غياب', '2023-11-15 15:04:12', '2023-11-15 15:04:12'),
(770, 5, 77, 244, 50, 0, 0, 0, 'مقبول', '2023-11-15 15:04:12', '2023-11-15 15:04:12'),
(771, 5, 78, 244, 0, 0, 0, 0, 'ضعيف جدا', '2023-11-15 15:04:12', '2023-11-15 15:04:12'),
(772, 5, 79, 244, 50, 0, 0, 0, 'مقبول', '2023-11-15 15:04:12', '2023-11-15 15:04:12'),
(773, 5, 80, 244, 50, 0, 0, 0, 'مقبول', '2023-11-15 15:04:12', '2023-11-15 15:04:12'),
(774, 5, 81, 244, 50, 0, 0, 0, 'مقبول', '2023-11-15 15:04:12', '2023-11-15 15:04:12'),
(775, 5, 82, 244, 50, 0, 0, 0, 'مقبول', '2023-11-15 15:04:13', '2023-11-15 15:04:13'),
(776, 5, 83, 244, 50, 0, 0, 0, 'مقبول', '2023-11-15 15:04:13', '2023-11-15 15:04:13'),
(777, 5, 84, 244, 50, 0, 0, 0, 'مقبول', '2023-11-15 15:04:13', '2023-11-15 15:04:13'),
(778, 5, 85, 244, 50, 0, 0, 0, 'مقبول', '2023-11-15 15:04:13', '2023-11-15 15:04:13'),
(779, 5, 86, 244, 50, 0, 0, 0, 'مقبول', '2023-11-15 15:04:13', '2023-11-15 15:04:13'),
(780, 5, 87, 244, 50, 0, 0, 0, 'مقبول', '2023-11-15 15:04:13', '2023-11-15 15:04:13'),
(781, 5, 88, 244, 50, 0, 0, 0, 'مقبول', '2023-11-15 15:04:13', '2023-11-15 15:04:13'),
(782, 5, 89, 244, NULL, 0, 0, 0, 'غياب', '2023-11-15 15:04:13', '2023-11-15 15:04:13'),
(783, 5, 90, 244, 50, 0, 0, 0, 'مقبول', '2023-11-15 15:04:13', '2023-11-15 15:04:13'),
(784, 5, 91, 244, 50, 0, 0, 0, 'مقبول', '2023-11-15 15:04:13', '2023-11-15 15:04:13'),
(785, 5, 92, 244, 50, 0, 0, 0, 'مقبول', '2023-11-15 15:04:13', '2023-11-15 15:04:13'),
(786, 5, 93, 244, 50, 0, 0, 0, 'مقبول', '2023-11-15 15:04:13', '2023-11-15 15:04:13'),
(787, 5, 94, 244, 50, 0, 0, 0, 'مقبول', '2023-11-15 15:04:13', '2023-11-15 15:04:13'),
(788, 5, 95, 244, 50, 0, 0, 0, 'مقبول', '2023-11-15 15:04:13', '2023-11-15 15:04:13'),
(789, 5, 96, 244, 50, 0, 0, 0, 'مقبول', '2023-11-15 15:04:13', '2023-11-15 15:04:13'),
(790, 5, 97, 244, 50, 0, 0, 0, 'مقبول', '2023-11-15 15:04:13', '2023-11-15 15:04:13'),
(791, 5, 98, 244, 50, 0, 0, 0, 'مقبول', '2023-11-15 15:04:13', '2023-11-15 15:04:13'),
(792, 5, 99, 244, 50, 0, 0, 0, 'مقبول', '2023-11-15 15:04:13', '2023-11-15 15:04:13'),
(793, 5, 1, 245, 50, 0, 0, 0, 'مقبول', '2023-11-15 15:04:39', '2023-11-15 15:04:39'),
(794, 5, 2, 245, 50, 0, 0, 0, 'مقبول', '2023-11-15 15:04:39', '2023-11-15 15:04:39'),
(795, 5, 3, 245, 50, 0, 0, 0, 'مقبول', '2023-11-15 15:04:39', '2023-11-15 15:04:39'),
(796, 5, 4, 245, 50, 0, 0, 0, 'مقبول', '2023-11-15 15:04:39', '2023-11-15 15:04:39'),
(797, 5, 5, 245, 50, 0, 0, 0, 'مقبول', '2023-11-15 15:04:39', '2023-11-15 15:04:39'),
(798, 5, 6, 245, 50, 0, 0, 0, 'مقبول', '2023-11-15 15:04:39', '2023-11-15 15:04:39'),
(799, 5, 7, 245, 50, 0, 0, 0, 'مقبول', '2023-11-15 15:04:39', '2023-11-15 15:04:39'),
(800, 5, 8, 245, 50, 0, 0, 0, 'مقبول', '2023-11-15 15:04:39', '2023-11-15 15:04:39'),
(801, 5, 9, 245, 50, 0, 0, 0, 'مقبول', '2023-11-15 15:04:39', '2023-11-15 15:04:39'),
(802, 5, 10, 245, 50, 0, 0, 0, 'مقبول', '2023-11-15 15:04:39', '2023-11-15 15:04:39'),
(803, 5, 11, 245, 50, 0, 0, 0, 'مقبول', '2023-11-15 15:04:39', '2023-11-15 15:04:39'),
(804, 5, 12, 245, 50, 0, 0, 0, 'مقبول', '2023-11-15 15:04:40', '2023-11-15 15:04:40'),
(805, 5, 13, 245, 50, 0, 0, 0, 'مقبول', '2023-11-15 15:04:40', '2023-11-15 15:04:40'),
(806, 5, 14, 245, 50, 0, 0, 0, 'مقبول', '2023-11-15 15:04:40', '2023-11-15 15:04:40'),
(807, 5, 15, 245, 0, 0, 0, 0, 'ضعيف جدا', '2023-11-15 15:04:40', '2023-11-15 15:04:40'),
(808, 5, 16, 245, 50, 0, 0, 0, 'مقبول', '2023-11-15 15:04:40', '2023-11-15 15:04:40'),
(809, 5, 17, 245, 50, 0, 0, 0, 'مقبول', '2023-11-15 15:04:40', '2023-11-15 15:04:40'),
(810, 5, 18, 245, 50, 0, 0, 0, 'مقبول', '2023-11-15 15:04:40', '2023-11-15 15:04:40'),
(811, 5, 19, 245, 0, 0, 0, 0, 'ضعيف جدا', '2023-11-15 15:04:40', '2023-11-15 15:04:40'),
(812, 5, 20, 245, 50, 0, 0, 0, 'مقبول', '2023-11-15 15:04:40', '2023-11-15 15:04:40'),
(813, 5, 21, 245, 50, 0, 0, 0, 'مقبول', '2023-11-15 15:04:40', '2023-11-15 15:04:40'),
(814, 5, 22, 245, 50, 0, 0, 0, 'مقبول', '2023-11-15 15:04:40', '2023-11-15 15:04:40'),
(815, 5, 23, 245, 50, 0, 0, 0, 'مقبول', '2023-11-15 15:04:40', '2023-11-15 15:04:40'),
(816, 5, 24, 245, 50, 0, 0, 0, 'مقبول', '2023-11-15 15:04:40', '2023-11-15 15:04:40'),
(817, 5, 25, 245, 50, 0, 0, 0, 'مقبول', '2023-11-15 15:04:40', '2023-11-15 15:04:40'),
(818, 5, 26, 245, 50, 0, 0, 0, 'مقبول', '2023-11-15 15:04:40', '2023-11-15 15:04:40'),
(819, 5, 27, 245, 50, 0, 0, 0, 'مقبول', '2023-11-15 15:04:40', '2023-11-15 15:04:40'),
(820, 5, 28, 245, 50, 0, 0, 0, 'مقبول', '2023-11-15 15:04:40', '2023-11-15 15:04:40'),
(821, 5, 29, 245, 50, 0, 0, 0, 'مقبول', '2023-11-15 15:04:40', '2023-11-15 15:04:40'),
(822, 5, 30, 245, 50, 0, 0, 0, 'مقبول', '2023-11-15 15:04:40', '2023-11-15 15:04:40'),
(823, 5, 31, 245, 50, 0, 0, 0, 'مقبول', '2023-11-15 15:04:40', '2023-11-15 15:04:40'),
(824, 5, 32, 245, 50, 0, 0, 0, 'مقبول', '2023-11-15 15:04:40', '2023-11-15 15:04:40'),
(825, 5, 33, 245, 50, 0, 0, 0, 'مقبول', '2023-11-15 15:04:40', '2023-11-15 15:04:40'),
(826, 5, 34, 245, 50, 0, 0, 0, 'مقبول', '2023-11-15 15:04:40', '2023-11-15 15:04:40'),
(827, 5, 35, 245, 50, 0, 0, 0, 'مقبول', '2023-11-15 15:04:40', '2023-11-15 15:04:40'),
(828, 5, 36, 245, 50, 0, 0, 0, 'مقبول', '2023-11-15 15:04:40', '2023-11-15 15:04:40'),
(829, 5, 37, 245, 50, 0, 0, 0, 'مقبول', '2023-11-15 15:04:40', '2023-11-15 15:04:40'),
(830, 5, 38, 245, 50, 0, 0, 0, 'مقبول', '2023-11-15 15:04:40', '2023-11-15 15:04:40'),
(831, 5, 39, 245, 50, 0, 0, 0, 'مقبول', '2023-11-15 15:04:41', '2023-11-15 15:04:41'),
(832, 5, 40, 245, 50, 0, 0, 0, 'مقبول', '2023-11-15 15:04:41', '2023-11-15 15:04:41'),
(833, 5, 41, 245, 50, 0, 0, 0, 'مقبول', '2023-11-15 15:04:41', '2023-11-15 15:04:41'),
(834, 5, 42, 245, 50, 0, 0, 0, 'مقبول', '2023-11-15 15:04:41', '2023-11-15 15:04:41'),
(835, 5, 43, 245, 50, 0, 0, 0, 'مقبول', '2023-11-15 15:04:41', '2023-11-15 15:04:41'),
(836, 5, 44, 245, 50, 0, 0, 0, 'مقبول', '2023-11-15 15:04:41', '2023-11-15 15:04:41'),
(837, 5, 45, 245, 50, 0, 0, 0, 'مقبول', '2023-11-15 15:04:41', '2023-11-15 15:04:41'),
(838, 5, 46, 245, 50, 0, 0, 0, 'مقبول', '2023-11-15 15:04:41', '2023-11-15 15:04:41'),
(839, 5, 47, 245, 0, 0, 0, 0, 'ضعيف جدا', '2023-11-15 15:04:41', '2023-11-15 15:04:41'),
(840, 5, 48, 245, 50, 0, 0, 0, 'مقبول', '2023-11-15 15:04:41', '2023-11-15 15:04:41'),
(841, 5, 49, 245, 50, 0, 0, 0, 'مقبول', '2023-11-15 15:04:41', '2023-11-15 15:04:41'),
(842, 5, 50, 245, 50, 0, 0, 0, 'مقبول', '2023-11-15 15:04:41', '2023-11-15 15:04:41'),
(843, 5, 51, 245, 0, 0, 0, 0, 'ضعيف جدا', '2023-11-15 15:04:41', '2023-11-15 15:04:41'),
(844, 5, 52, 245, 50, 0, 0, 0, 'مقبول', '2023-11-15 15:04:41', '2023-11-15 15:04:41'),
(845, 5, 53, 245, 50, 0, 0, 0, 'مقبول', '2023-11-15 15:04:41', '2023-11-15 15:04:41'),
(846, 5, 54, 245, 50, 0, 0, 0, 'مقبول', '2023-11-15 15:04:41', '2023-11-15 15:04:41'),
(847, 5, 55, 245, 50, 0, 0, 0, 'مقبول', '2023-11-15 15:04:41', '2023-11-15 15:04:41'),
(848, 5, 56, 245, 50, 0, 0, 0, 'مقبول', '2023-11-15 15:04:41', '2023-11-15 15:04:41'),
(849, 5, 57, 245, 50, 0, 0, 0, 'مقبول', '2023-11-15 15:04:41', '2023-11-15 15:04:41'),
(850, 5, 58, 245, 50, 0, 0, 0, 'مقبول', '2023-11-15 15:04:41', '2023-11-15 15:04:41'),
(851, 5, 59, 245, 50, 0, 0, 0, 'مقبول', '2023-11-15 15:04:41', '2023-11-15 15:04:41'),
(852, 5, 60, 245, 50, 0, 0, 0, 'مقبول', '2023-11-15 15:04:41', '2023-11-15 15:04:41'),
(853, 5, 61, 245, 50, 0, 0, 0, 'مقبول', '2023-11-15 15:04:41', '2023-11-15 15:04:41'),
(854, 5, 62, 245, 50, 0, 0, 0, 'مقبول', '2023-11-15 15:04:41', '2023-11-15 15:04:41'),
(855, 5, 63, 245, 50, 0, 0, 0, 'مقبول', '2023-11-15 15:04:41', '2023-11-15 15:04:41'),
(856, 5, 64, 245, 50, 0, 0, 0, 'مقبول', '2023-11-15 15:04:41', '2023-11-15 15:04:41'),
(857, 5, 65, 245, 50, 0, 0, 0, 'مقبول', '2023-11-15 15:04:42', '2023-11-15 15:04:42'),
(858, 5, 66, 245, 50, 0, 0, 0, 'مقبول', '2023-11-15 15:04:42', '2023-11-15 15:04:42'),
(859, 5, 67, 245, 50, 0, 0, 0, 'مقبول', '2023-11-15 15:04:42', '2023-11-15 15:04:42'),
(860, 5, 68, 245, NULL, 0, 0, 0, 'غياب', '2023-11-15 15:04:42', '2023-11-15 15:04:42'),
(861, 5, 69, 245, 50, 0, 0, 0, 'مقبول', '2023-11-15 15:04:42', '2023-11-15 15:04:42'),
(862, 5, 70, 245, 0, 0, 0, 0, 'ضعيف جدا', '2023-11-15 15:04:42', '2023-11-15 15:04:42'),
(863, 5, 71, 245, 50, 0, 0, 0, 'مقبول', '2023-11-15 15:04:42', '2023-11-15 15:04:42'),
(864, 5, 72, 245, 50, 0, 0, 0, 'مقبول', '2023-11-15 15:04:42', '2023-11-15 15:04:42'),
(865, 5, 73, 245, 50, 0, 0, 0, 'مقبول', '2023-11-15 15:04:42', '2023-11-15 15:04:42'),
(866, 5, 74, 245, 50, 0, 0, 0, 'مقبول', '2023-11-15 15:04:42', '2023-11-15 15:04:42'),
(867, 5, 75, 245, 50, 0, 0, 0, 'مقبول', '2023-11-15 15:04:42', '2023-11-15 15:04:42'),
(868, 5, 76, 245, NULL, 0, 0, 0, 'غياب', '2023-11-15 15:04:42', '2023-11-15 15:04:42'),
(869, 5, 77, 245, 50, 0, 0, 0, 'مقبول', '2023-11-15 15:04:42', '2023-11-15 15:04:42'),
(870, 5, 78, 245, 0, 0, 0, 0, 'ضعيف جدا', '2023-11-15 15:04:42', '2023-11-15 15:04:42'),
(871, 5, 79, 245, 50, 0, 0, 0, 'مقبول', '2023-11-15 15:04:42', '2023-11-15 15:04:42'),
(872, 5, 80, 245, 50, 0, 0, 0, 'مقبول', '2023-11-15 15:04:42', '2023-11-15 15:04:42'),
(873, 5, 81, 245, 50, 0, 0, 0, 'مقبول', '2023-11-15 15:04:42', '2023-11-15 15:04:42'),
(874, 5, 82, 245, 50, 0, 0, 0, 'مقبول', '2023-11-15 15:04:42', '2023-11-15 15:04:42'),
(875, 5, 83, 245, 50, 0, 0, 0, 'مقبول', '2023-11-15 15:04:42', '2023-11-15 15:04:42'),
(876, 5, 84, 245, 50, 0, 0, 0, 'مقبول', '2023-11-15 15:04:42', '2023-11-15 15:04:42'),
(877, 5, 85, 245, 50, 0, 0, 0, 'مقبول', '2023-11-15 15:04:42', '2023-11-15 15:04:42'),
(878, 5, 86, 245, 50, 0, 0, 0, 'مقبول', '2023-11-15 15:04:42', '2023-11-15 15:04:42'),
(879, 5, 87, 245, 50, 0, 0, 0, 'مقبول', '2023-11-15 15:04:42', '2023-11-15 15:04:42'),
(880, 5, 88, 245, 50, 0, 0, 0, 'مقبول', '2023-11-15 15:04:42', '2023-11-15 15:04:42'),
(881, 5, 89, 245, NULL, 0, 0, 0, 'غياب', '2023-11-15 15:04:43', '2023-11-15 15:04:43'),
(882, 5, 90, 245, 50, 0, 0, 0, 'مقبول', '2023-11-15 15:04:43', '2023-11-15 15:04:43'),
(883, 5, 91, 245, 50, 0, 0, 0, 'مقبول', '2023-11-15 15:04:43', '2023-11-15 15:04:43'),
(884, 5, 92, 245, 50, 0, 0, 0, 'مقبول', '2023-11-15 15:04:43', '2023-11-15 15:04:43'),
(885, 5, 93, 245, 50, 0, 0, 0, 'مقبول', '2023-11-15 15:04:43', '2023-11-15 15:04:43'),
(886, 5, 94, 245, 50, 0, 0, 0, 'مقبول', '2023-11-15 15:04:43', '2023-11-15 15:04:43'),
(887, 5, 95, 245, 50, 0, 0, 0, 'مقبول', '2023-11-15 15:04:43', '2023-11-15 15:04:43'),
(888, 5, 96, 245, 50, 0, 0, 0, 'مقبول', '2023-11-15 15:04:43', '2023-11-15 15:04:43'),
(889, 5, 97, 245, 50, 0, 0, 0, 'مقبول', '2023-11-15 15:04:43', '2023-11-15 15:04:43'),
(890, 5, 98, 245, 50, 0, 0, 0, 'مقبول', '2023-11-15 15:04:43', '2023-11-15 15:04:43'),
(891, 5, 99, 245, 50, 0, 0, 0, 'مقبول', '2023-11-15 15:04:43', '2023-11-15 15:04:43'),
(892, 5, 1, 246, 50, 0, 0, 0, 'مقبول', '2023-11-15 15:05:10', '2023-11-15 15:05:10'),
(893, 5, 2, 246, 50, 0, 0, 0, 'مقبول', '2023-11-15 15:05:10', '2023-11-15 15:05:10'),
(894, 5, 3, 246, 50, 0, 0, 0, 'مقبول', '2023-11-15 15:05:10', '2023-11-15 15:05:10'),
(895, 5, 4, 246, 50, 0, 0, 0, 'مقبول', '2023-11-15 15:05:10', '2023-11-15 15:05:10'),
(896, 5, 5, 246, 50, 0, 0, 0, 'مقبول', '2023-11-15 15:05:10', '2023-11-15 15:05:10'),
(897, 5, 6, 246, 50, 0, 0, 0, 'مقبول', '2023-11-15 15:05:10', '2023-11-15 15:05:10'),
(898, 5, 7, 246, 50, 0, 0, 0, 'مقبول', '2023-11-15 15:05:10', '2023-11-15 15:05:10'),
(899, 5, 8, 246, 50, 0, 0, 0, 'مقبول', '2023-11-15 15:05:10', '2023-11-15 15:05:10'),
(900, 5, 9, 246, 50, 0, 0, 0, 'مقبول', '2023-11-15 15:05:10', '2023-11-15 15:05:10'),
(901, 5, 10, 246, 50, 0, 0, 0, 'مقبول', '2023-11-15 15:05:10', '2023-11-15 15:05:10'),
(902, 5, 11, 246, 50, 0, 0, 0, 'مقبول', '2023-11-15 15:05:11', '2023-11-15 15:05:11'),
(903, 5, 12, 246, 50, 0, 0, 0, 'مقبول', '2023-11-15 15:05:11', '2023-11-15 15:05:11'),
(904, 5, 13, 246, 50, 0, 0, 0, 'مقبول', '2023-11-15 15:05:11', '2023-11-15 15:05:11'),
(905, 5, 14, 246, 50, 0, 0, 0, 'مقبول', '2023-11-15 15:05:11', '2023-11-15 15:05:11'),
(906, 5, 15, 246, 0, 0, 0, 0, 'ضعيف جدا', '2023-11-15 15:05:11', '2023-11-15 15:05:11'),
(907, 5, 16, 246, 50, 0, 0, 0, 'مقبول', '2023-11-15 15:05:11', '2023-11-15 15:05:11'),
(908, 5, 17, 246, 50, 0, 0, 0, 'مقبول', '2023-11-15 15:05:11', '2023-11-15 15:05:11'),
(909, 5, 18, 246, 50, 0, 0, 0, 'مقبول', '2023-11-15 15:05:11', '2023-11-15 15:05:11'),
(910, 5, 19, 246, 0, 0, 0, 0, 'ضعيف جدا', '2023-11-15 15:05:11', '2023-11-15 15:05:11'),
(911, 5, 20, 246, 50, 0, 0, 0, 'مقبول', '2023-11-15 15:05:11', '2023-11-15 15:05:11'),
(912, 5, 21, 246, 50, 0, 0, 0, 'مقبول', '2023-11-15 15:05:11', '2023-11-15 15:05:11'),
(913, 5, 22, 246, 50, 0, 0, 0, 'مقبول', '2023-11-15 15:05:11', '2023-11-15 15:05:11'),
(914, 5, 23, 246, 50, 0, 0, 0, 'مقبول', '2023-11-15 15:05:11', '2023-11-15 15:05:11'),
(915, 5, 24, 246, 50, 0, 0, 0, 'مقبول', '2023-11-15 15:05:11', '2023-11-15 15:05:11'),
(916, 5, 25, 246, 50, 0, 0, 0, 'مقبول', '2023-11-15 15:05:11', '2023-11-15 15:05:11'),
(917, 5, 26, 246, 50, 0, 0, 0, 'مقبول', '2023-11-15 15:05:11', '2023-11-15 15:05:11'),
(918, 5, 27, 246, 50, 0, 0, 0, 'مقبول', '2023-11-15 15:05:11', '2023-11-15 15:05:11'),
(919, 5, 28, 246, 50, 0, 0, 0, 'مقبول', '2023-11-15 15:05:11', '2023-11-15 15:05:11'),
(920, 5, 29, 246, 50, 0, 0, 0, 'مقبول', '2023-11-15 15:05:11', '2023-11-15 15:05:11'),
(921, 5, 30, 246, 50, 0, 0, 0, 'مقبول', '2023-11-15 15:05:11', '2023-11-15 15:05:11'),
(922, 5, 31, 246, 50, 0, 0, 0, 'مقبول', '2023-11-15 15:05:11', '2023-11-15 15:05:11'),
(923, 5, 32, 246, 50, 0, 0, 0, 'مقبول', '2023-11-15 15:05:11', '2023-11-15 15:05:11'),
(924, 5, 33, 246, 50, 0, 0, 0, 'مقبول', '2023-11-15 15:05:11', '2023-11-15 15:05:11'),
(925, 5, 34, 246, 50, 0, 0, 0, 'مقبول', '2023-11-15 15:05:11', '2023-11-15 15:05:11'),
(926, 5, 35, 246, 50, 0, 0, 0, 'مقبول', '2023-11-15 15:05:11', '2023-11-15 15:05:11'),
(927, 5, 36, 246, 50, 0, 0, 0, 'مقبول', '2023-11-15 15:05:11', '2023-11-15 15:05:11'),
(928, 5, 37, 246, 50, 0, 0, 0, 'مقبول', '2023-11-15 15:05:11', '2023-11-15 15:05:11'),
(929, 5, 38, 246, 50, 0, 0, 0, 'مقبول', '2023-11-15 15:05:12', '2023-11-15 15:05:12'),
(930, 5, 39, 246, 50, 0, 0, 0, 'مقبول', '2023-11-15 15:05:12', '2023-11-15 15:05:12'),
(931, 5, 40, 246, 50, 0, 0, 0, 'مقبول', '2023-11-15 15:05:12', '2023-11-15 15:05:12'),
(932, 5, 41, 246, 50, 0, 0, 0, 'مقبول', '2023-11-15 15:05:12', '2023-11-15 15:05:12'),
(933, 5, 42, 246, 50, 0, 0, 0, 'مقبول', '2023-11-15 15:05:12', '2023-11-15 15:05:12'),
(934, 5, 43, 246, 50, 0, 0, 0, 'مقبول', '2023-11-15 15:05:12', '2023-11-15 15:05:12'),
(935, 5, 44, 246, 50, 0, 0, 0, 'مقبول', '2023-11-15 15:05:12', '2023-11-15 15:05:12'),
(936, 5, 45, 246, 50, 0, 0, 0, 'مقبول', '2023-11-15 15:05:12', '2023-11-15 15:05:12'),
(937, 5, 46, 246, 50, 0, 0, 0, 'مقبول', '2023-11-15 15:05:12', '2023-11-15 15:05:12'),
(938, 5, 47, 246, 0, 0, 0, 0, 'ضعيف جدا', '2023-11-15 15:05:12', '2023-11-15 15:05:12'),
(939, 5, 48, 246, 50, 0, 0, 0, 'مقبول', '2023-11-15 15:05:12', '2023-11-15 15:05:12'),
(940, 5, 49, 246, 50, 0, 0, 0, 'مقبول', '2023-11-15 15:05:12', '2023-11-15 15:05:12'),
(941, 5, 50, 246, 50, 0, 0, 0, 'مقبول', '2023-11-15 15:05:12', '2023-11-15 15:05:12'),
(942, 5, 51, 246, 0, 0, 0, 0, 'ضعيف جدا', '2023-11-15 15:05:12', '2023-11-15 15:05:12'),
(943, 5, 52, 246, 50, 0, 0, 0, 'مقبول', '2023-11-15 15:05:12', '2023-11-15 15:05:12'),
(944, 5, 53, 246, 50, 0, 0, 0, 'مقبول', '2023-11-15 15:05:12', '2023-11-15 15:05:12'),
(945, 5, 54, 246, 50, 0, 0, 0, 'مقبول', '2023-11-15 15:05:12', '2023-11-15 15:05:12'),
(946, 5, 55, 246, 50, 0, 0, 0, 'مقبول', '2023-11-15 15:05:12', '2023-11-15 15:05:12'),
(947, 5, 56, 246, 50, 0, 0, 0, 'مقبول', '2023-11-15 15:05:12', '2023-11-15 15:05:12'),
(948, 5, 57, 246, 50, 0, 0, 0, 'مقبول', '2023-11-15 15:05:12', '2023-11-15 15:05:12'),
(949, 5, 58, 246, 50, 0, 0, 0, 'مقبول', '2023-11-15 15:05:12', '2023-11-15 15:05:12'),
(950, 5, 59, 246, 50, 0, 0, 0, 'مقبول', '2023-11-15 15:05:12', '2023-11-15 15:05:12'),
(951, 5, 60, 246, 50, 0, 0, 0, 'مقبول', '2023-11-15 15:05:12', '2023-11-15 15:05:12'),
(952, 5, 61, 246, 50, 0, 0, 0, 'مقبول', '2023-11-15 15:05:12', '2023-11-15 15:05:12'),
(953, 5, 62, 246, 50, 0, 0, 0, 'مقبول', '2023-11-15 15:05:12', '2023-11-15 15:05:12'),
(954, 5, 63, 246, 50, 0, 0, 0, 'مقبول', '2023-11-15 15:05:12', '2023-11-15 15:05:12'),
(955, 5, 64, 246, 50, 0, 0, 0, 'مقبول', '2023-11-15 15:05:12', '2023-11-15 15:05:12'),
(956, 5, 65, 246, 50, 0, 0, 0, 'مقبول', '2023-11-15 15:05:13', '2023-11-15 15:05:13'),
(957, 5, 66, 246, 50, 0, 0, 0, 'مقبول', '2023-11-15 15:05:13', '2023-11-15 15:05:13'),
(958, 5, 67, 246, 50, 0, 0, 0, 'مقبول', '2023-11-15 15:05:13', '2023-11-15 15:05:13'),
(959, 5, 68, 246, NULL, 0, 0, 0, 'غياب', '2023-11-15 15:05:13', '2023-11-15 15:05:13'),
(960, 5, 69, 246, 50, 0, 0, 0, 'مقبول', '2023-11-15 15:05:13', '2023-11-15 15:05:13'),
(961, 5, 70, 246, 0, 0, 0, 0, 'ضعيف جدا', '2023-11-15 15:05:13', '2023-11-15 15:05:13'),
(962, 5, 71, 246, 50, 0, 0, 0, 'مقبول', '2023-11-15 15:05:13', '2023-11-15 15:05:13'),
(963, 5, 72, 246, 50, 0, 0, 0, 'مقبول', '2023-11-15 15:05:13', '2023-11-15 15:05:13'),
(964, 5, 73, 246, 50, 0, 0, 0, 'مقبول', '2023-11-15 15:05:13', '2023-11-15 15:05:13'),
(965, 5, 74, 246, 50, 0, 0, 0, 'مقبول', '2023-11-15 15:05:13', '2023-11-15 15:05:13'),
(966, 5, 75, 246, 50, 0, 0, 0, 'مقبول', '2023-11-15 15:05:13', '2023-11-15 15:05:13'),
(967, 5, 76, 246, NULL, 0, 0, 0, 'غياب', '2023-11-15 15:05:13', '2023-11-15 15:05:13'),
(968, 5, 77, 246, 50, 0, 0, 0, 'مقبول', '2023-11-15 15:05:13', '2023-11-15 15:05:13'),
(969, 5, 78, 246, 0, 0, 0, 0, 'ضعيف جدا', '2023-11-15 15:05:13', '2023-11-15 15:05:13'),
(970, 5, 79, 246, 50, 0, 0, 0, 'مقبول', '2023-11-15 15:05:13', '2023-11-15 15:05:13'),
(971, 5, 80, 246, 50, 0, 0, 0, 'مقبول', '2023-11-15 15:05:13', '2023-11-15 15:05:13'),
(972, 5, 81, 246, 50, 0, 0, 0, 'مقبول', '2023-11-15 15:05:13', '2023-11-15 15:05:13'),
(973, 5, 82, 246, 50, 0, 0, 0, 'مقبول', '2023-11-15 15:05:13', '2023-11-15 15:05:13'),
(974, 5, 83, 246, 50, 0, 0, 0, 'مقبول', '2023-11-15 15:05:13', '2023-11-15 15:05:13'),
(975, 5, 84, 246, 50, 0, 0, 0, 'مقبول', '2023-11-15 15:05:13', '2023-11-15 15:05:13'),
(976, 5, 85, 246, 50, 0, 0, 0, 'مقبول', '2023-11-15 15:05:13', '2023-11-15 15:05:13'),
(977, 5, 86, 246, 50, 0, 0, 0, 'مقبول', '2023-11-15 15:05:13', '2023-11-15 15:05:13'),
(978, 5, 87, 246, 50, 0, 0, 0, 'مقبول', '2023-11-15 15:05:13', '2023-11-15 15:05:13'),
(979, 5, 88, 246, 50, 0, 0, 0, 'مقبول', '2023-11-15 15:05:13', '2023-11-15 15:05:13'),
(980, 5, 89, 246, NULL, 0, 0, 0, 'غياب', '2023-11-15 15:05:14', '2023-11-15 15:05:14'),
(981, 5, 90, 246, 50, 0, 0, 0, 'مقبول', '2023-11-15 15:05:14', '2023-11-15 15:05:14'),
(982, 5, 91, 246, 50, 0, 0, 0, 'مقبول', '2023-11-15 15:05:14', '2023-11-15 15:05:14'),
(983, 5, 92, 246, 50, 0, 0, 0, 'مقبول', '2023-11-15 15:05:14', '2023-11-15 15:05:14'),
(984, 5, 93, 246, 50, 0, 0, 0, 'مقبول', '2023-11-15 15:05:14', '2023-11-15 15:05:14'),
(985, 5, 94, 246, 50, 0, 0, 0, 'مقبول', '2023-11-15 15:05:14', '2023-11-15 15:05:14'),
(986, 5, 95, 246, 50, 0, 0, 0, 'مقبول', '2023-11-15 15:05:14', '2023-11-15 15:05:14'),
(987, 5, 96, 246, 50, 0, 0, 0, 'مقبول', '2023-11-15 15:05:14', '2023-11-15 15:05:14'),
(988, 5, 97, 246, 50, 0, 0, 0, 'مقبول', '2023-11-15 15:05:14', '2023-11-15 15:05:14'),
(989, 5, 98, 246, 50, 0, 0, 0, 'مقبول', '2023-11-15 15:05:14', '2023-11-15 15:05:14'),
(990, 5, 99, 246, 50, 0, 0, 0, 'مقبول', '2023-11-15 15:05:14', '2023-11-15 15:05:14'),
(991, 5, 1, 247, 50, 0, 0, 0, 'مقبول', '2023-11-15 15:05:41', '2023-11-15 15:05:41'),
(992, 5, 2, 247, 50, 0, 0, 0, 'مقبول', '2023-11-15 15:05:41', '2023-11-15 15:05:41'),
(993, 5, 3, 247, 50, 0, 0, 0, 'مقبول', '2023-11-15 15:05:41', '2023-11-15 15:05:41'),
(994, 5, 4, 247, 50, 0, 0, 0, 'مقبول', '2023-11-15 15:05:41', '2023-11-15 15:05:41'),
(995, 5, 5, 247, 50, 0, 0, 0, 'مقبول', '2023-11-15 15:05:41', '2023-11-15 15:05:41'),
(996, 5, 6, 247, 50, 0, 0, 0, 'مقبول', '2023-11-15 15:05:41', '2023-11-15 15:05:41'),
(997, 5, 7, 247, 50, 0, 0, 0, 'مقبول', '2023-11-15 15:05:41', '2023-11-15 15:05:41'),
(998, 5, 8, 247, 50, 0, 0, 0, 'مقبول', '2023-11-15 15:05:41', '2023-11-15 15:05:41'),
(999, 5, 9, 247, 50, 0, 0, 0, 'مقبول', '2023-11-15 15:05:41', '2023-11-15 15:05:41'),
(1000, 5, 10, 247, 50, 0, 0, 0, 'مقبول', '2023-11-15 15:05:41', '2023-11-15 15:05:41'),
(1001, 5, 11, 247, 50, 0, 0, 0, 'مقبول', '2023-11-15 15:05:41', '2023-11-15 15:05:41'),
(1002, 5, 12, 247, 50, 0, 0, 0, 'مقبول', '2023-11-15 15:05:41', '2023-11-15 15:05:41'),
(1003, 5, 13, 247, 50, 0, 0, 0, 'مقبول', '2023-11-15 15:05:41', '2023-11-15 15:05:41'),
(1004, 5, 14, 247, 50, 0, 0, 0, 'مقبول', '2023-11-15 15:05:42', '2023-11-15 15:05:42'),
(1005, 5, 15, 247, 0, 0, 0, 0, 'ضعيف جدا', '2023-11-15 15:05:42', '2023-11-15 15:05:42'),
(1006, 5, 16, 247, 50, 0, 0, 0, 'مقبول', '2023-11-15 15:05:42', '2023-11-15 15:05:42'),
(1007, 5, 17, 247, 50, 0, 0, 0, 'مقبول', '2023-11-15 15:05:42', '2023-11-15 15:05:42'),
(1008, 5, 18, 247, 50, 0, 0, 0, 'مقبول', '2023-11-15 15:05:42', '2023-11-15 15:05:42'),
(1009, 5, 19, 247, 0, 0, 0, 0, 'ضعيف جدا', '2023-11-15 15:05:42', '2023-11-15 15:05:42'),
(1010, 5, 20, 247, 50, 0, 0, 0, 'مقبول', '2023-11-15 15:05:42', '2023-11-15 15:05:42'),
(1011, 5, 21, 247, 50, 0, 0, 0, 'مقبول', '2023-11-15 15:05:42', '2023-11-15 15:05:42'),
(1012, 5, 22, 247, 50, 0, 0, 0, 'مقبول', '2023-11-15 15:05:42', '2023-11-15 15:05:42'),
(1013, 5, 23, 247, 50, 0, 0, 0, 'مقبول', '2023-11-15 15:05:42', '2023-11-15 15:05:42'),
(1014, 5, 24, 247, 50, 0, 0, 0, 'مقبول', '2023-11-15 15:05:42', '2023-11-15 15:05:42'),
(1015, 5, 25, 247, 50, 0, 0, 0, 'مقبول', '2023-11-15 15:05:42', '2023-11-15 15:05:42'),
(1016, 5, 26, 247, 50, 0, 0, 0, 'مقبول', '2023-11-15 15:05:42', '2023-11-15 15:05:42'),
(1017, 5, 27, 247, 50, 0, 0, 0, 'مقبول', '2023-11-15 15:05:42', '2023-11-15 15:05:42'),
(1018, 5, 28, 247, 50, 0, 0, 0, 'مقبول', '2023-11-15 15:05:42', '2023-11-15 15:05:42'),
(1019, 5, 29, 247, 50, 0, 0, 0, 'مقبول', '2023-11-15 15:05:42', '2023-11-15 15:05:42'),
(1020, 5, 30, 247, 50, 0, 0, 0, 'مقبول', '2023-11-15 15:05:42', '2023-11-15 15:05:42'),
(1021, 5, 31, 247, 50, 0, 0, 0, 'مقبول', '2023-11-15 15:05:42', '2023-11-15 15:05:42'),
(1022, 5, 32, 247, 50, 0, 0, 0, 'مقبول', '2023-11-15 15:05:42', '2023-11-15 15:05:42'),
(1023, 5, 33, 247, 50, 0, 0, 0, 'مقبول', '2023-11-15 15:05:42', '2023-11-15 15:05:42'),
(1024, 5, 34, 247, 50, 0, 0, 0, 'مقبول', '2023-11-15 15:05:42', '2023-11-15 15:05:42'),
(1025, 5, 35, 247, 50, 0, 0, 0, 'مقبول', '2023-11-15 15:05:42', '2023-11-15 15:05:42'),
(1026, 5, 36, 247, 50, 0, 0, 0, 'مقبول', '2023-11-15 15:05:42', '2023-11-15 15:05:42'),
(1027, 5, 37, 247, 50, 0, 0, 0, 'مقبول', '2023-11-15 15:05:42', '2023-11-15 15:05:42'),
(1028, 5, 38, 247, 50, 0, 0, 0, 'مقبول', '2023-11-15 15:05:42', '2023-11-15 15:05:42'),
(1029, 5, 39, 247, 50, 0, 0, 0, 'مقبول', '2023-11-15 15:05:42', '2023-11-15 15:05:42'),
(1030, 5, 40, 247, 50, 0, 0, 0, 'مقبول', '2023-11-15 15:05:43', '2023-11-15 15:05:43'),
(1031, 5, 41, 247, 50, 0, 0, 0, 'مقبول', '2023-11-15 15:05:43', '2023-11-15 15:05:43'),
(1032, 5, 42, 247, 50, 0, 0, 0, 'مقبول', '2023-11-15 15:05:43', '2023-11-15 15:05:43'),
(1033, 5, 43, 247, 50, 0, 0, 0, 'مقبول', '2023-11-15 15:05:43', '2023-11-15 15:05:43'),
(1034, 5, 44, 247, 50, 0, 0, 0, 'مقبول', '2023-11-15 15:05:43', '2023-11-15 15:05:43'),
(1035, 5, 45, 247, 50, 0, 0, 0, 'مقبول', '2023-11-15 15:05:43', '2023-11-15 15:05:43'),
(1036, 5, 46, 247, 50, 0, 0, 0, 'مقبول', '2023-11-15 15:05:43', '2023-11-15 15:05:43'),
(1037, 5, 47, 247, 0, 0, 0, 0, 'ضعيف جدا', '2023-11-15 15:05:43', '2023-11-15 15:05:43'),
(1038, 5, 48, 247, 50, 0, 0, 0, 'مقبول', '2023-11-15 15:05:43', '2023-11-15 15:05:43'),
(1039, 5, 49, 247, 50, 0, 0, 0, 'مقبول', '2023-11-15 15:05:43', '2023-11-15 15:05:43'),
(1040, 5, 50, 247, 50, 0, 0, 0, 'مقبول', '2023-11-15 15:05:43', '2023-11-15 15:05:43'),
(1041, 5, 51, 247, 0, 0, 0, 0, 'ضعيف جدا', '2023-11-15 15:05:43', '2023-11-15 15:05:43'),
(1042, 5, 52, 247, 50, 0, 0, 0, 'مقبول', '2023-11-15 15:05:43', '2023-11-15 15:05:43'),
(1043, 5, 53, 247, 50, 0, 0, 0, 'مقبول', '2023-11-15 15:05:43', '2023-11-15 15:05:43'),
(1044, 5, 54, 247, 50, 0, 0, 0, 'مقبول', '2023-11-15 15:05:43', '2023-11-15 15:05:43'),
(1045, 5, 55, 247, 50, 0, 0, 0, 'مقبول', '2023-11-15 15:05:43', '2023-11-15 15:05:43'),
(1046, 5, 56, 247, 50, 0, 0, 0, 'مقبول', '2023-11-15 15:05:43', '2023-11-15 15:05:43'),
(1047, 5, 57, 247, 50, 0, 0, 0, 'مقبول', '2023-11-15 15:05:43', '2023-11-15 15:05:43'),
(1048, 5, 58, 247, 50, 0, 0, 0, 'مقبول', '2023-11-15 15:05:43', '2023-11-15 15:05:43'),
(1049, 5, 59, 247, 50, 0, 0, 0, 'مقبول', '2023-11-15 15:05:43', '2023-11-15 15:05:43'),
(1050, 5, 60, 247, 50, 0, 0, 0, 'مقبول', '2023-11-15 15:05:43', '2023-11-15 15:05:43'),
(1051, 5, 61, 247, 50, 0, 0, 0, 'مقبول', '2023-11-15 15:05:44', '2023-11-15 15:05:44'),
(1052, 5, 62, 247, 50, 0, 0, 0, 'مقبول', '2023-11-15 15:05:44', '2023-11-15 15:05:44'),
(1053, 5, 63, 247, 50, 0, 0, 0, 'مقبول', '2023-11-15 15:05:44', '2023-11-15 15:05:44'),
(1054, 5, 64, 247, 50, 0, 0, 0, 'مقبول', '2023-11-15 15:05:44', '2023-11-15 15:05:44'),
(1055, 5, 65, 247, 50, 0, 0, 0, 'مقبول', '2023-11-15 15:05:44', '2023-11-15 15:05:44'),
(1056, 5, 66, 247, 50, 0, 0, 0, 'مقبول', '2023-11-15 15:05:44', '2023-11-15 15:05:44'),
(1057, 5, 67, 247, 50, 0, 0, 0, 'مقبول', '2023-11-15 15:05:44', '2023-11-15 15:05:44'),
(1058, 5, 68, 247, NULL, 0, 0, 0, 'غياب', '2023-11-15 15:05:44', '2023-11-15 15:05:44'),
(1059, 5, 69, 247, 50, 0, 0, 0, 'مقبول', '2023-11-15 15:05:44', '2023-11-15 15:05:44'),
(1060, 5, 70, 247, 0, 0, 0, 0, 'ضعيف جدا', '2023-11-15 15:05:44', '2023-11-15 15:05:44'),
(1061, 5, 71, 247, 50, 0, 0, 0, 'مقبول', '2023-11-15 15:05:44', '2023-11-15 15:05:44'),
(1062, 5, 72, 247, 50, 0, 0, 0, 'مقبول', '2023-11-15 15:05:44', '2023-11-15 15:05:44'),
(1063, 5, 73, 247, 50, 0, 0, 0, 'مقبول', '2023-11-15 15:05:44', '2023-11-15 15:05:44'),
(1064, 5, 74, 247, 50, 0, 0, 0, 'مقبول', '2023-11-15 15:05:44', '2023-11-15 15:05:44'),
(1065, 5, 75, 247, 50, 0, 0, 0, 'مقبول', '2023-11-15 15:05:44', '2023-11-15 15:05:44'),
(1066, 5, 76, 247, NULL, 0, 0, 0, 'غياب', '2023-11-15 15:05:44', '2023-11-15 15:05:44'),
(1067, 5, 77, 247, 50, 0, 0, 0, 'مقبول', '2023-11-15 15:05:44', '2023-11-15 15:05:44'),
(1068, 5, 78, 247, 0, 0, 0, 0, 'ضعيف جدا', '2023-11-15 15:05:44', '2023-11-15 15:05:44'),
(1069, 5, 79, 247, 50, 0, 0, 0, 'مقبول', '2023-11-15 15:05:44', '2023-11-15 15:05:44'),
(1070, 5, 80, 247, 50, 0, 0, 0, 'مقبول', '2023-11-15 15:05:44', '2023-11-15 15:05:44'),
(1071, 5, 81, 247, 50, 0, 0, 0, 'مقبول', '2023-11-15 15:05:44', '2023-11-15 15:05:44'),
(1072, 5, 82, 247, 50, 0, 0, 0, 'مقبول', '2023-11-15 15:05:44', '2023-11-15 15:05:44'),
(1073, 5, 83, 247, 50, 0, 0, 0, 'مقبول', '2023-11-15 15:05:44', '2023-11-15 15:05:44'),
(1074, 5, 84, 247, 50, 0, 0, 0, 'مقبول', '2023-11-15 15:05:44', '2023-11-15 15:05:44'),
(1075, 5, 85, 247, 50, 0, 0, 0, 'مقبول', '2023-11-15 15:05:44', '2023-11-15 15:05:44'),
(1076, 5, 86, 247, 50, 0, 0, 0, 'مقبول', '2023-11-15 15:05:45', '2023-11-15 15:05:45'),
(1077, 5, 87, 247, 50, 0, 0, 0, 'مقبول', '2023-11-15 15:05:45', '2023-11-15 15:05:45'),
(1078, 5, 88, 247, 50, 0, 0, 0, 'مقبول', '2023-11-15 15:05:45', '2023-11-15 15:05:45'),
(1079, 5, 89, 247, NULL, 0, 0, 0, 'غياب', '2023-11-15 15:05:45', '2023-11-15 15:05:45'),
(1080, 5, 90, 247, 50, 0, 0, 0, 'مقبول', '2023-11-15 15:05:45', '2023-11-15 15:05:45'),
(1081, 5, 91, 247, 50, 0, 0, 0, 'مقبول', '2023-11-15 15:05:45', '2023-11-15 15:05:45'),
(1082, 5, 92, 247, 50, 0, 0, 0, 'مقبول', '2023-11-15 15:05:45', '2023-11-15 15:05:45'),
(1083, 5, 93, 247, 50, 0, 0, 0, 'مقبول', '2023-11-15 15:05:45', '2023-11-15 15:05:45'),
(1084, 5, 94, 247, 50, 0, 0, 0, 'مقبول', '2023-11-15 15:05:45', '2023-11-15 15:05:45'),
(1085, 5, 95, 247, 50, 0, 0, 0, 'مقبول', '2023-11-15 15:05:45', '2023-11-15 15:05:45'),
(1086, 5, 96, 247, 50, 0, 0, 0, 'مقبول', '2023-11-15 15:05:45', '2023-11-15 15:05:45'),
(1087, 5, 97, 247, 50, 0, 0, 0, 'مقبول', '2023-11-15 15:05:45', '2023-11-15 15:05:45'),
(1088, 5, 98, 247, 50, 0, 0, 0, 'مقبول', '2023-11-15 15:05:45', '2023-11-15 15:05:45'),
(1089, 5, 99, 247, 50, 0, 0, 0, 'مقبول', '2023-11-15 15:05:45', '2023-11-15 15:05:45'),
(1090, 5, 1, 248, 50, 0, 0, 0, 'مقبول', '2023-11-15 15:06:19', '2023-11-15 15:06:19'),
(1091, 5, 2, 248, 50, 0, 0, 0, 'مقبول', '2023-11-15 15:06:19', '2023-11-15 15:06:19'),
(1092, 5, 3, 248, 50, 0, 0, 0, 'مقبول', '2023-11-15 15:06:19', '2023-11-15 15:06:19'),
(1093, 5, 4, 248, 50, 0, 0, 0, 'مقبول', '2023-11-15 15:06:19', '2023-11-15 15:06:19'),
(1094, 5, 5, 248, 50, 0, 0, 0, 'مقبول', '2023-11-15 15:06:19', '2023-11-15 15:06:19'),
(1095, 5, 6, 248, 50, 0, 0, 0, 'مقبول', '2023-11-15 15:06:19', '2023-11-15 15:06:19'),
(1096, 5, 7, 248, 50, 0, 0, 0, 'مقبول', '2023-11-15 15:06:19', '2023-11-15 15:06:19'),
(1097, 5, 8, 248, 50, 0, 0, 0, 'مقبول', '2023-11-15 15:06:19', '2023-11-15 15:06:19'),
(1098, 5, 9, 248, 50, 0, 0, 0, 'مقبول', '2023-11-15 15:06:19', '2023-11-15 15:06:19'),
(1099, 5, 10, 248, 50, 0, 0, 0, 'مقبول', '2023-11-15 15:06:19', '2023-11-15 15:06:19'),
(1100, 5, 11, 248, 50, 0, 0, 0, 'مقبول', '2023-11-15 15:06:19', '2023-11-15 15:06:19'),
(1101, 5, 12, 248, 50, 0, 0, 0, 'مقبول', '2023-11-15 15:06:19', '2023-11-15 15:06:19'),
(1102, 5, 13, 248, 50, 0, 0, 0, 'مقبول', '2023-11-15 15:06:19', '2023-11-15 15:06:19'),
(1103, 5, 14, 248, 50, 0, 0, 0, 'مقبول', '2023-11-15 15:06:19', '2023-11-15 15:06:19'),
(1104, 5, 15, 248, 0, 0, 0, 0, 'ضعيف جدا', '2023-11-15 15:06:19', '2023-11-15 15:06:19'),
(1105, 5, 16, 248, 50, 0, 0, 0, 'مقبول', '2023-11-15 15:06:20', '2023-11-15 15:06:20'),
(1106, 5, 17, 248, 50, 0, 0, 0, 'مقبول', '2023-11-15 15:06:20', '2023-11-15 15:06:20'),
(1107, 5, 18, 248, 50, 0, 0, 0, 'مقبول', '2023-11-15 15:06:20', '2023-11-15 15:06:20'),
(1108, 5, 19, 248, 0, 0, 0, 0, 'ضعيف جدا', '2023-11-15 15:06:20', '2023-11-15 15:06:20'),
(1109, 5, 20, 248, 50, 0, 0, 0, 'مقبول', '2023-11-15 15:06:20', '2023-11-15 15:06:20'),
(1110, 5, 21, 248, 50, 0, 0, 0, 'مقبول', '2023-11-15 15:06:20', '2023-11-15 15:06:20'),
(1111, 5, 22, 248, 50, 0, 0, 0, 'مقبول', '2023-11-15 15:06:20', '2023-11-15 15:06:20'),
(1112, 5, 23, 248, 50, 0, 0, 0, 'مقبول', '2023-11-15 15:06:20', '2023-11-15 15:06:20'),
(1113, 5, 24, 248, 50, 0, 0, 0, 'مقبول', '2023-11-15 15:06:20', '2023-11-15 15:06:20'),
(1114, 5, 25, 248, 50, 0, 0, 0, 'مقبول', '2023-11-15 15:06:20', '2023-11-15 15:06:20'),
(1115, 5, 26, 248, 50, 0, 0, 0, 'مقبول', '2023-11-15 15:06:20', '2023-11-15 15:06:20'),
(1116, 5, 27, 248, 50, 0, 0, 0, 'مقبول', '2023-11-15 15:06:20', '2023-11-15 15:06:20'),
(1117, 5, 28, 248, 50, 0, 0, 0, 'مقبول', '2023-11-15 15:06:20', '2023-11-15 15:06:20'),
(1118, 5, 29, 248, 50, 0, 0, 0, 'مقبول', '2023-11-15 15:06:20', '2023-11-15 15:06:20'),
(1119, 5, 30, 248, 50, 0, 0, 0, 'مقبول', '2023-11-15 15:06:20', '2023-11-15 15:06:20'),
(1120, 5, 31, 248, 50, 0, 0, 0, 'مقبول', '2023-11-15 15:06:20', '2023-11-15 15:06:20'),
(1121, 5, 32, 248, 50, 0, 0, 0, 'مقبول', '2023-11-15 15:06:20', '2023-11-15 15:06:20'),
(1122, 5, 33, 248, 50, 0, 0, 0, 'مقبول', '2023-11-15 15:06:20', '2023-11-15 15:06:20'),
(1123, 5, 34, 248, 50, 0, 0, 0, 'مقبول', '2023-11-15 15:06:20', '2023-11-15 15:06:20'),
(1124, 5, 35, 248, 50, 0, 0, 0, 'مقبول', '2023-11-15 15:06:20', '2023-11-15 15:06:20'),
(1125, 5, 36, 248, 50, 0, 0, 0, 'مقبول', '2023-11-15 15:06:20', '2023-11-15 15:06:20'),
(1126, 5, 37, 248, 50, 0, 0, 0, 'مقبول', '2023-11-15 15:06:20', '2023-11-15 15:06:20'),
(1127, 5, 38, 248, 50, 0, 0, 0, 'مقبول', '2023-11-15 15:06:20', '2023-11-15 15:06:20'),
(1128, 5, 39, 248, 50, 0, 0, 0, 'مقبول', '2023-11-15 15:06:20', '2023-11-15 15:06:20'),
(1129, 5, 40, 248, 50, 0, 0, 0, 'مقبول', '2023-11-15 15:06:20', '2023-11-15 15:06:20'),
(1130, 5, 41, 248, 50, 0, 0, 0, 'مقبول', '2023-11-15 15:06:21', '2023-11-15 15:06:21'),
(1131, 5, 42, 248, 50, 0, 0, 0, 'مقبول', '2023-11-15 15:06:21', '2023-11-15 15:06:21'),
(1132, 5, 43, 248, 50, 0, 0, 0, 'مقبول', '2023-11-15 15:06:21', '2023-11-15 15:06:21'),
(1133, 5, 44, 248, 50, 0, 0, 0, 'مقبول', '2023-11-15 15:06:21', '2023-11-15 15:06:21'),
(1134, 5, 45, 248, 50, 0, 0, 0, 'مقبول', '2023-11-15 15:06:21', '2023-11-15 15:06:21'),
(1135, 5, 46, 248, 50, 0, 0, 0, 'مقبول', '2023-11-15 15:06:21', '2023-11-15 15:06:21'),
(1136, 5, 47, 248, 0, 0, 0, 0, 'ضعيف جدا', '2023-11-15 15:06:21', '2023-11-15 15:06:21'),
(1137, 5, 48, 248, 50, 0, 0, 0, 'مقبول', '2023-11-15 15:06:21', '2023-11-15 15:06:21'),
(1138, 5, 49, 248, 50, 0, 0, 0, 'مقبول', '2023-11-15 15:06:21', '2023-11-15 15:06:21'),
(1139, 5, 50, 248, 50, 0, 0, 0, 'مقبول', '2023-11-15 15:06:21', '2023-11-15 15:06:21'),
(1140, 5, 51, 248, 0, 0, 0, 0, 'ضعيف جدا', '2023-11-15 15:06:21', '2023-11-15 15:06:21'),
(1141, 5, 52, 248, 50, 0, 0, 0, 'مقبول', '2023-11-15 15:06:21', '2023-11-15 15:06:21'),
(1142, 5, 53, 248, 50, 0, 0, 0, 'مقبول', '2023-11-15 15:06:21', '2023-11-15 15:06:21'),
(1143, 5, 54, 248, 50, 0, 0, 0, 'مقبول', '2023-11-15 15:06:21', '2023-11-15 15:06:21'),
(1144, 5, 55, 248, 50, 0, 0, 0, 'مقبول', '2023-11-15 15:06:21', '2023-11-15 15:06:21'),
(1145, 5, 56, 248, 50, 0, 0, 0, 'مقبول', '2023-11-15 15:06:21', '2023-11-15 15:06:21'),
(1146, 5, 57, 248, 50, 0, 0, 0, 'مقبول', '2023-11-15 15:06:21', '2023-11-15 15:06:21'),
(1147, 5, 58, 248, 50, 0, 0, 0, 'مقبول', '2023-11-15 15:06:21', '2023-11-15 15:06:21'),
(1148, 5, 59, 248, 50, 0, 0, 0, 'مقبول', '2023-11-15 15:06:21', '2023-11-15 15:06:21'),
(1149, 5, 60, 248, 50, 0, 0, 0, 'مقبول', '2023-11-15 15:06:21', '2023-11-15 15:06:21'),
(1150, 5, 61, 248, 50, 0, 0, 0, 'مقبول', '2023-11-15 15:06:21', '2023-11-15 15:06:21'),
(1151, 5, 62, 248, 50, 0, 0, 0, 'مقبول', '2023-11-15 15:06:21', '2023-11-15 15:06:21'),
(1152, 5, 63, 248, 50, 0, 0, 0, 'مقبول', '2023-11-15 15:06:21', '2023-11-15 15:06:21'),
(1153, 5, 64, 248, 50, 0, 0, 0, 'مقبول', '2023-11-15 15:06:22', '2023-11-15 15:06:22'),
(1154, 5, 65, 248, 50, 0, 0, 0, 'مقبول', '2023-11-15 15:06:22', '2023-11-15 15:06:22'),
(1155, 5, 66, 248, 50, 0, 0, 0, 'مقبول', '2023-11-15 15:06:22', '2023-11-15 15:06:22'),
(1156, 5, 67, 248, 50, 0, 0, 0, 'مقبول', '2023-11-15 15:06:22', '2023-11-15 15:06:22'),
(1157, 5, 68, 248, NULL, 0, 0, 0, 'غياب', '2023-11-15 15:06:22', '2023-11-15 15:06:22'),
(1158, 5, 69, 248, 50, 0, 0, 0, 'مقبول', '2023-11-15 15:06:22', '2023-11-15 15:06:22'),
(1159, 5, 70, 248, 0, 0, 0, 0, 'ضعيف جدا', '2023-11-15 15:06:22', '2023-11-15 15:06:22'),
(1160, 5, 71, 248, 50, 0, 0, 0, 'مقبول', '2023-11-15 15:06:22', '2023-11-15 15:06:22'),
(1161, 5, 72, 248, 50, 0, 0, 0, 'مقبول', '2023-11-15 15:06:22', '2023-11-15 15:06:22'),
(1162, 5, 73, 248, 50, 0, 0, 0, 'مقبول', '2023-11-15 15:06:22', '2023-11-15 15:06:22');
INSERT INTO `results` (`id`, `yearsemester_id`, `students_id`, `subjects_id`, `written`, `kpis`, `applied`, `bonus`, `grade`, `created_at`, `updated_at`) VALUES
(1163, 5, 74, 248, 50, 0, 0, 0, 'مقبول', '2023-11-15 15:06:22', '2023-11-15 15:06:22'),
(1164, 5, 75, 248, 50, 0, 0, 0, 'مقبول', '2023-11-15 15:06:22', '2023-11-15 15:06:22'),
(1165, 5, 76, 248, NULL, 0, 0, 0, 'غياب', '2023-11-15 15:06:22', '2023-11-15 15:06:22'),
(1166, 5, 77, 248, 50, 0, 0, 0, 'مقبول', '2023-11-15 15:06:22', '2023-11-15 15:06:22'),
(1167, 5, 78, 248, 0, 0, 0, 0, 'ضعيف جدا', '2023-11-15 15:06:22', '2023-11-15 15:06:22'),
(1168, 5, 79, 248, 50, 0, 0, 0, 'مقبول', '2023-11-15 15:06:22', '2023-11-15 15:06:22'),
(1169, 5, 80, 248, 50, 0, 0, 0, 'مقبول', '2023-11-15 15:06:22', '2023-11-15 15:06:22'),
(1170, 5, 81, 248, 50, 0, 0, 0, 'مقبول', '2023-11-15 15:06:22', '2023-11-15 15:06:22'),
(1171, 5, 82, 248, 50, 0, 0, 0, 'مقبول', '2023-11-15 15:06:22', '2023-11-15 15:06:22'),
(1172, 5, 83, 248, 50, 0, 0, 0, 'مقبول', '2023-11-15 15:06:22', '2023-11-15 15:06:22'),
(1173, 5, 84, 248, 50, 0, 0, 0, 'مقبول', '2023-11-15 15:06:22', '2023-11-15 15:06:22'),
(1174, 5, 85, 248, 50, 0, 0, 0, 'مقبول', '2023-11-15 15:06:23', '2023-11-15 15:06:23'),
(1175, 5, 86, 248, 50, 0, 0, 0, 'مقبول', '2023-11-15 15:06:23', '2023-11-15 15:06:23'),
(1176, 5, 87, 248, 50, 0, 0, 0, 'مقبول', '2023-11-15 15:06:23', '2023-11-15 15:06:23'),
(1177, 5, 88, 248, 50, 0, 0, 0, 'مقبول', '2023-11-15 15:06:23', '2023-11-15 15:06:23'),
(1178, 5, 89, 248, NULL, 0, 0, 0, 'غياب', '2023-11-15 15:06:23', '2023-11-15 15:06:23'),
(1179, 5, 90, 248, 50, 0, 0, 0, 'مقبول', '2023-11-15 15:06:23', '2023-11-15 15:06:23'),
(1180, 5, 91, 248, 50, 0, 0, 0, 'مقبول', '2023-11-15 15:06:23', '2023-11-15 15:06:23'),
(1181, 5, 92, 248, 50, 0, 0, 0, 'مقبول', '2023-11-15 15:06:23', '2023-11-15 15:06:23'),
(1182, 5, 93, 248, 50, 0, 0, 0, 'مقبول', '2023-11-15 15:06:23', '2023-11-15 15:06:23'),
(1183, 5, 94, 248, 50, 0, 0, 0, 'مقبول', '2023-11-15 15:06:23', '2023-11-15 15:06:23'),
(1184, 5, 95, 248, 50, 0, 0, 0, 'مقبول', '2023-11-15 15:06:23', '2023-11-15 15:06:23'),
(1185, 5, 96, 248, 50, 0, 0, 0, 'مقبول', '2023-11-15 15:06:23', '2023-11-15 15:06:23'),
(1186, 5, 97, 248, 50, 0, 0, 0, 'مقبول', '2023-11-15 15:06:23', '2023-11-15 15:06:23'),
(1187, 5, 98, 248, 50, 0, 0, 0, 'مقبول', '2023-11-15 15:06:23', '2023-11-15 15:06:23'),
(1188, 5, 99, 248, 50, 0, 0, 0, 'مقبول', '2023-11-15 15:06:23', '2023-11-15 15:06:23'),
(1189, 5, 1, 249, 50, 0, 0, 0, 'مقبول', '2023-11-15 15:06:55', '2023-11-15 15:06:55'),
(1190, 5, 2, 249, 50, 0, 0, 0, 'مقبول', '2023-11-15 15:06:55', '2023-11-15 15:06:55'),
(1191, 5, 3, 249, 50, 0, 0, 0, 'مقبول', '2023-11-15 15:06:55', '2023-11-15 15:06:55'),
(1192, 5, 4, 249, 50, 0, 0, 0, 'مقبول', '2023-11-15 15:06:55', '2023-11-15 15:06:55'),
(1193, 5, 5, 249, 50, 0, 0, 0, 'مقبول', '2023-11-15 15:06:55', '2023-11-15 15:06:55'),
(1194, 5, 6, 249, 50, 0, 0, 0, 'مقبول', '2023-11-15 15:06:55', '2023-11-15 15:06:55'),
(1195, 5, 7, 249, 50, 0, 0, 0, 'مقبول', '2023-11-15 15:06:55', '2023-11-15 15:06:55'),
(1196, 5, 8, 249, 50, 0, 0, 0, 'مقبول', '2023-11-15 15:06:55', '2023-11-15 15:06:55'),
(1197, 5, 9, 249, 50, 0, 0, 0, 'مقبول', '2023-11-15 15:06:55', '2023-11-15 15:06:55'),
(1198, 5, 10, 249, 50, 0, 0, 0, 'مقبول', '2023-11-15 15:06:55', '2023-11-15 15:06:55'),
(1199, 5, 11, 249, 50, 0, 0, 0, 'مقبول', '2023-11-15 15:06:55', '2023-11-15 15:06:55'),
(1200, 5, 12, 249, 50, 0, 0, 0, 'مقبول', '2023-11-15 15:06:55', '2023-11-15 15:06:55'),
(1201, 5, 13, 249, 50, 0, 0, 0, 'مقبول', '2023-11-15 15:06:55', '2023-11-15 15:06:55'),
(1202, 5, 14, 249, 50, 0, 0, 0, 'مقبول', '2023-11-15 15:06:55', '2023-11-15 15:06:55'),
(1203, 5, 15, 249, 0, 0, 0, 0, 'ضعيف جدا', '2023-11-15 15:06:55', '2023-11-15 15:06:55'),
(1204, 5, 16, 249, 50, 0, 0, 0, 'مقبول', '2023-11-15 15:06:55', '2023-11-15 15:06:55'),
(1205, 5, 17, 249, 50, 0, 0, 0, 'مقبول', '2023-11-15 15:06:56', '2023-11-15 15:06:56'),
(1206, 5, 18, 249, 50, 0, 0, 0, 'مقبول', '2023-11-15 15:06:56', '2023-11-15 15:06:56'),
(1207, 5, 19, 249, 0, 0, 0, 0, 'ضعيف جدا', '2023-11-15 15:06:56', '2023-11-15 15:06:56'),
(1208, 5, 20, 249, 50, 0, 0, 0, 'مقبول', '2023-11-15 15:06:56', '2023-11-15 15:06:56'),
(1209, 5, 21, 249, 50, 0, 0, 0, 'مقبول', '2023-11-15 15:06:56', '2023-11-15 15:06:56'),
(1210, 5, 22, 249, 50, 0, 0, 0, 'مقبول', '2023-11-15 15:06:56', '2023-11-15 15:06:56'),
(1211, 5, 23, 249, 50, 0, 0, 0, 'مقبول', '2023-11-15 15:06:56', '2023-11-15 15:06:56'),
(1212, 5, 24, 249, 50, 0, 0, 0, 'مقبول', '2023-11-15 15:06:56', '2023-11-15 15:06:56'),
(1213, 5, 25, 249, 50, 0, 0, 0, 'مقبول', '2023-11-15 15:06:56', '2023-11-15 15:06:56'),
(1214, 5, 26, 249, 50, 0, 0, 0, 'مقبول', '2023-11-15 15:06:56', '2023-11-15 15:06:56'),
(1215, 5, 27, 249, 50, 0, 0, 0, 'مقبول', '2023-11-15 15:06:56', '2023-11-15 15:06:56'),
(1216, 5, 28, 249, 50, 0, 0, 0, 'مقبول', '2023-11-15 15:06:56', '2023-11-15 15:06:56'),
(1217, 5, 29, 249, 50, 0, 0, 0, 'مقبول', '2023-11-15 15:06:56', '2023-11-15 15:06:56'),
(1218, 5, 30, 249, 50, 0, 0, 0, 'مقبول', '2023-11-15 15:06:56', '2023-11-15 15:06:56'),
(1219, 5, 31, 249, 50, 0, 0, 0, 'مقبول', '2023-11-15 15:06:56', '2023-11-15 15:06:56'),
(1220, 5, 32, 249, 50, 0, 0, 0, 'مقبول', '2023-11-15 15:06:56', '2023-11-15 15:06:56'),
(1221, 5, 33, 249, 50, 0, 0, 0, 'مقبول', '2023-11-15 15:06:56', '2023-11-15 15:06:56'),
(1222, 5, 34, 249, 50, 0, 0, 0, 'مقبول', '2023-11-15 15:06:56', '2023-11-15 15:06:56'),
(1223, 5, 35, 249, 50, 0, 0, 0, 'مقبول', '2023-11-15 15:06:56', '2023-11-15 15:06:56'),
(1224, 5, 36, 249, 50, 0, 0, 0, 'مقبول', '2023-11-15 15:06:56', '2023-11-15 15:06:56'),
(1225, 5, 37, 249, 50, 0, 0, 0, 'مقبول', '2023-11-15 15:06:56', '2023-11-15 15:06:56'),
(1226, 5, 38, 249, 50, 0, 0, 0, 'مقبول', '2023-11-15 15:06:56', '2023-11-15 15:06:56'),
(1227, 5, 39, 249, 50, 0, 0, 0, 'مقبول', '2023-11-15 15:06:56', '2023-11-15 15:06:56'),
(1228, 5, 40, 249, 50, 0, 0, 0, 'مقبول', '2023-11-15 15:06:56', '2023-11-15 15:06:56'),
(1229, 5, 41, 249, 50, 0, 0, 0, 'مقبول', '2023-11-15 15:06:56', '2023-11-15 15:06:56'),
(1230, 5, 42, 249, 50, 0, 0, 0, 'مقبول', '2023-11-15 15:06:56', '2023-11-15 15:06:56'),
(1231, 5, 43, 249, 50, 0, 0, 0, 'مقبول', '2023-11-15 15:06:56', '2023-11-15 15:06:56'),
(1232, 5, 44, 249, 50, 0, 0, 0, 'مقبول', '2023-11-15 15:06:56', '2023-11-15 15:06:56'),
(1233, 5, 45, 249, 50, 0, 0, 0, 'مقبول', '2023-11-15 15:06:56', '2023-11-15 15:06:56'),
(1234, 5, 46, 249, 50, 0, 0, 0, 'مقبول', '2023-11-15 15:06:56', '2023-11-15 15:06:56'),
(1235, 5, 47, 249, 0, 0, 0, 0, 'ضعيف جدا', '2023-11-15 15:06:57', '2023-11-15 15:06:57'),
(1236, 5, 48, 249, 50, 0, 0, 0, 'مقبول', '2023-11-15 15:06:57', '2023-11-15 15:06:57'),
(1237, 5, 49, 249, 50, 0, 0, 0, 'مقبول', '2023-11-15 15:06:57', '2023-11-15 15:06:57'),
(1238, 5, 50, 249, 50, 0, 0, 0, 'مقبول', '2023-11-15 15:06:57', '2023-11-15 15:06:57'),
(1239, 5, 51, 249, 0, 0, 0, 0, 'ضعيف جدا', '2023-11-15 15:06:57', '2023-11-15 15:06:57'),
(1240, 5, 52, 249, 50, 0, 0, 0, 'مقبول', '2023-11-15 15:06:57', '2023-11-15 15:06:57'),
(1241, 5, 53, 249, 50, 0, 0, 0, 'مقبول', '2023-11-15 15:06:57', '2023-11-15 15:06:57'),
(1242, 5, 54, 249, 50, 0, 0, 0, 'مقبول', '2023-11-15 15:06:57', '2023-11-15 15:06:57'),
(1243, 5, 55, 249, 50, 0, 0, 0, 'مقبول', '2023-11-15 15:06:57', '2023-11-15 15:06:57'),
(1244, 5, 56, 249, 50, 0, 0, 0, 'مقبول', '2023-11-15 15:06:57', '2023-11-15 15:06:57'),
(1245, 5, 57, 249, 50, 0, 0, 0, 'مقبول', '2023-11-15 15:06:57', '2023-11-15 15:06:57'),
(1246, 5, 58, 249, 50, 0, 0, 0, 'مقبول', '2023-11-15 15:06:57', '2023-11-15 15:06:57'),
(1247, 5, 59, 249, 50, 0, 0, 0, 'مقبول', '2023-11-15 15:06:57', '2023-11-15 15:06:57'),
(1248, 5, 60, 249, 50, 0, 0, 0, 'مقبول', '2023-11-15 15:06:57', '2023-11-15 15:06:57'),
(1249, 5, 61, 249, 50, 0, 0, 0, 'مقبول', '2023-11-15 15:06:57', '2023-11-15 15:06:57'),
(1250, 5, 62, 249, 50, 0, 0, 0, 'مقبول', '2023-11-15 15:06:57', '2023-11-15 15:06:57'),
(1251, 5, 63, 249, 50, 0, 0, 0, 'مقبول', '2023-11-15 15:06:57', '2023-11-15 15:06:57'),
(1252, 5, 64, 249, 50, 0, 0, 0, 'مقبول', '2023-11-15 15:06:57', '2023-11-15 15:06:57'),
(1253, 5, 65, 249, 50, 0, 0, 0, 'مقبول', '2023-11-15 15:06:57', '2023-11-15 15:06:57'),
(1254, 5, 66, 249, 50, 0, 0, 0, 'مقبول', '2023-11-15 15:06:57', '2023-11-15 15:06:57'),
(1255, 5, 67, 249, 50, 0, 0, 0, 'مقبول', '2023-11-15 15:06:57', '2023-11-15 15:06:57'),
(1256, 5, 68, 249, NULL, 0, 0, 0, 'غياب', '2023-11-15 15:06:57', '2023-11-15 15:06:57'),
(1257, 5, 69, 249, 50, 0, 0, 0, 'مقبول', '2023-11-15 15:06:57', '2023-11-15 15:06:57'),
(1258, 5, 70, 249, 0, 0, 0, 0, 'ضعيف جدا', '2023-11-15 15:06:57', '2023-11-15 15:06:57'),
(1259, 5, 71, 249, 50, 0, 0, 0, 'مقبول', '2023-11-15 15:06:57', '2023-11-15 15:06:57'),
(1260, 5, 72, 249, 50, 0, 0, 0, 'مقبول', '2023-11-15 15:06:57', '2023-11-15 15:06:57'),
(1261, 5, 73, 249, 50, 0, 0, 0, 'مقبول', '2023-11-15 15:06:58', '2023-11-15 15:06:58'),
(1262, 5, 74, 249, 50, 0, 0, 0, 'مقبول', '2023-11-15 15:06:58', '2023-11-15 15:06:58'),
(1263, 5, 75, 249, 50, 0, 0, 0, 'مقبول', '2023-11-15 15:06:58', '2023-11-15 15:06:58'),
(1264, 5, 76, 249, NULL, 0, 0, 0, 'غياب', '2023-11-15 15:06:58', '2023-11-15 15:06:58'),
(1265, 5, 77, 249, 50, 0, 0, 0, 'مقبول', '2023-11-15 15:06:58', '2023-11-15 15:06:58'),
(1266, 5, 78, 249, 0, 0, 0, 0, 'ضعيف جدا', '2023-11-15 15:06:58', '2023-11-15 15:06:58'),
(1267, 5, 79, 249, 50, 0, 0, 0, 'مقبول', '2023-11-15 15:06:58', '2023-11-15 15:06:58'),
(1268, 5, 80, 249, 50, 0, 0, 0, 'مقبول', '2023-11-15 15:06:58', '2023-11-15 15:06:58'),
(1269, 5, 81, 249, 50, 0, 0, 0, 'مقبول', '2023-11-15 15:06:58', '2023-11-15 15:06:58'),
(1270, 5, 82, 249, 50, 0, 0, 0, 'مقبول', '2023-11-15 15:06:58', '2023-11-15 15:06:58'),
(1271, 5, 83, 249, 50, 0, 0, 0, 'مقبول', '2023-11-15 15:06:58', '2023-11-15 15:06:58'),
(1272, 5, 84, 249, 50, 0, 0, 0, 'مقبول', '2023-11-15 15:06:58', '2023-11-15 15:06:58'),
(1273, 5, 85, 249, 50, 0, 0, 0, 'مقبول', '2023-11-15 15:06:58', '2023-11-15 15:06:58'),
(1274, 5, 86, 249, 50, 0, 0, 0, 'مقبول', '2023-11-15 15:06:58', '2023-11-15 15:06:58'),
(1275, 5, 87, 249, 50, 0, 0, 0, 'مقبول', '2023-11-15 15:06:58', '2023-11-15 15:06:58'),
(1276, 5, 88, 249, 50, 0, 0, 0, 'مقبول', '2023-11-15 15:06:58', '2023-11-15 15:06:58'),
(1277, 5, 89, 249, NULL, 0, 0, 0, 'غياب', '2023-11-15 15:06:58', '2023-11-15 15:06:58'),
(1278, 5, 90, 249, 50, 0, 0, 0, 'مقبول', '2023-11-15 15:06:58', '2023-11-15 15:06:58'),
(1279, 5, 91, 249, 50, 0, 0, 0, 'مقبول', '2023-11-15 15:06:58', '2023-11-15 15:06:58'),
(1280, 5, 92, 249, 50, 0, 0, 0, 'مقبول', '2023-11-15 15:06:58', '2023-11-15 15:06:58'),
(1281, 5, 93, 249, 50, 0, 0, 0, 'مقبول', '2023-11-15 15:06:58', '2023-11-15 15:06:58'),
(1282, 5, 94, 249, 50, 0, 0, 0, 'مقبول', '2023-11-15 15:06:58', '2023-11-15 15:06:58'),
(1283, 5, 95, 249, 50, 0, 0, 0, 'مقبول', '2023-11-15 15:06:58', '2023-11-15 15:06:58'),
(1284, 5, 96, 249, 50, 0, 0, 0, 'مقبول', '2023-11-15 15:06:58', '2023-11-15 15:06:58'),
(1285, 5, 97, 249, 50, 0, 0, 0, 'مقبول', '2023-11-15 15:06:58', '2023-11-15 15:06:58'),
(1286, 5, 98, 249, 50, 0, 0, 0, 'مقبول', '2023-11-15 15:06:58', '2023-11-15 15:06:58'),
(1287, 5, 99, 249, 50, 0, 0, 0, 'مقبول', '2023-11-15 15:06:59', '2023-11-15 15:06:59'),
(1288, 5, 1, 250, 50, 0, 0, 0, 'مقبول', '2023-11-15 15:07:49', '2023-11-15 15:07:49'),
(1289, 5, 2, 250, 50, 0, 0, 0, 'مقبول', '2023-11-15 15:07:49', '2023-11-15 15:07:49'),
(1290, 5, 3, 250, 50, 0, 0, 0, 'مقبول', '2023-11-15 15:07:49', '2023-11-15 15:07:49'),
(1291, 5, 4, 250, 50, 0, 0, 0, 'مقبول', '2023-11-15 15:07:49', '2023-11-15 15:07:49'),
(1292, 5, 5, 250, 50, 0, 0, 0, 'مقبول', '2023-11-15 15:07:49', '2023-11-15 15:07:49'),
(1293, 5, 6, 250, 50, 0, 0, 0, 'مقبول', '2023-11-15 15:07:49', '2023-11-15 15:07:49'),
(1294, 5, 7, 250, 50, 0, 0, 0, 'مقبول', '2023-11-15 15:07:49', '2023-11-15 15:07:49'),
(1295, 5, 8, 250, 50, 0, 0, 0, 'مقبول', '2023-11-15 15:07:49', '2023-11-15 15:07:49'),
(1296, 5, 9, 250, 50, 0, 0, 0, 'مقبول', '2023-11-15 15:07:49', '2023-11-15 15:07:49'),
(1297, 5, 10, 250, 50, 0, 0, 0, 'مقبول', '2023-11-15 15:07:49', '2023-11-15 15:07:49'),
(1298, 5, 11, 250, 50, 0, 0, 0, 'مقبول', '2023-11-15 15:07:49', '2023-11-15 15:07:49'),
(1299, 5, 12, 250, 50, 0, 0, 0, 'مقبول', '2023-11-15 15:07:49', '2023-11-15 15:07:49'),
(1300, 5, 13, 250, 50, 0, 0, 0, 'مقبول', '2023-11-15 15:07:49', '2023-11-15 15:07:49'),
(1301, 5, 14, 250, 50, 0, 0, 0, 'مقبول', '2023-11-15 15:07:50', '2023-11-15 15:07:50'),
(1302, 5, 15, 250, 0, 0, 0, 0, 'ضعيف جدا', '2023-11-15 15:07:50', '2023-11-15 15:07:50'),
(1303, 5, 16, 250, 50, 0, 0, 0, 'مقبول', '2023-11-15 15:07:50', '2023-11-15 15:07:50'),
(1304, 5, 17, 250, 50, 0, 0, 0, 'مقبول', '2023-11-15 15:07:50', '2023-11-15 15:07:50'),
(1305, 5, 18, 250, 50, 0, 0, 0, 'مقبول', '2023-11-15 15:07:50', '2023-11-15 15:07:50'),
(1306, 5, 19, 250, 0, 0, 0, 0, 'ضعيف جدا', '2023-11-15 15:07:50', '2023-11-15 15:07:50'),
(1307, 5, 20, 250, 50, 0, 0, 0, 'مقبول', '2023-11-15 15:07:50', '2023-11-15 15:07:50'),
(1308, 5, 21, 250, 50, 0, 0, 0, 'مقبول', '2023-11-15 15:07:50', '2023-11-15 15:07:50'),
(1309, 5, 22, 250, 50, 0, 0, 0, 'مقبول', '2023-11-15 15:07:50', '2023-11-15 15:07:50'),
(1310, 5, 23, 250, 50, 0, 0, 0, 'مقبول', '2023-11-15 15:07:50', '2023-11-15 15:07:50'),
(1311, 5, 24, 250, 50, 0, 0, 0, 'مقبول', '2023-11-15 15:07:50', '2023-11-15 15:07:50'),
(1312, 5, 25, 250, 50, 0, 0, 0, 'مقبول', '2023-11-15 15:07:50', '2023-11-15 15:07:50'),
(1313, 5, 26, 250, 50, 0, 0, 0, 'مقبول', '2023-11-15 15:07:50', '2023-11-15 15:07:50'),
(1314, 5, 27, 250, 50, 0, 0, 0, 'مقبول', '2023-11-15 15:07:50', '2023-11-15 15:07:50'),
(1315, 5, 28, 250, 50, 0, 0, 0, 'مقبول', '2023-11-15 15:07:50', '2023-11-15 15:07:50'),
(1316, 5, 29, 250, 50, 0, 0, 0, 'مقبول', '2023-11-15 15:07:50', '2023-11-15 15:07:50'),
(1317, 5, 30, 250, 50, 0, 0, 0, 'مقبول', '2023-11-15 15:07:50', '2023-11-15 15:07:50'),
(1318, 5, 31, 250, 50, 0, 0, 0, 'مقبول', '2023-11-15 15:07:50', '2023-11-15 15:07:50'),
(1319, 5, 32, 250, 50, 0, 0, 0, 'مقبول', '2023-11-15 15:07:50', '2023-11-15 15:07:50'),
(1320, 5, 33, 250, 50, 0, 0, 0, 'مقبول', '2023-11-15 15:07:50', '2023-11-15 15:07:50'),
(1321, 5, 34, 250, 50, 0, 0, 0, 'مقبول', '2023-11-15 15:07:50', '2023-11-15 15:07:50'),
(1322, 5, 35, 250, 50, 0, 0, 0, 'مقبول', '2023-11-15 15:07:50', '2023-11-15 15:07:50'),
(1323, 5, 36, 250, 50, 0, 0, 0, 'مقبول', '2023-11-15 15:07:50', '2023-11-15 15:07:50'),
(1324, 5, 37, 250, 50, 0, 0, 0, 'مقبول', '2023-11-15 15:07:50', '2023-11-15 15:07:50'),
(1325, 5, 38, 250, 50, 0, 0, 0, 'مقبول', '2023-11-15 15:07:50', '2023-11-15 15:07:50'),
(1326, 5, 39, 250, 50, 0, 0, 0, 'مقبول', '2023-11-15 15:07:50', '2023-11-15 15:07:50'),
(1327, 5, 40, 250, 50, 0, 0, 0, 'مقبول', '2023-11-15 15:07:50', '2023-11-15 15:07:50'),
(1328, 5, 41, 250, 50, 0, 0, 0, 'مقبول', '2023-11-15 15:07:50', '2023-11-15 15:07:50'),
(1329, 5, 42, 250, 50, 0, 0, 0, 'مقبول', '2023-11-15 15:07:51', '2023-11-15 15:07:51'),
(1330, 5, 43, 250, 50, 0, 0, 0, 'مقبول', '2023-11-15 15:07:51', '2023-11-15 15:07:51'),
(1331, 5, 44, 250, 50, 0, 0, 0, 'مقبول', '2023-11-15 15:07:51', '2023-11-15 15:07:51'),
(1332, 5, 45, 250, 50, 0, 0, 0, 'مقبول', '2023-11-15 15:07:51', '2023-11-15 15:07:51'),
(1333, 5, 46, 250, 50, 0, 0, 0, 'مقبول', '2023-11-15 15:07:51', '2023-11-15 15:07:51'),
(1334, 5, 47, 250, 0, 0, 0, 0, 'ضعيف جدا', '2023-11-15 15:07:51', '2023-11-15 15:07:51'),
(1335, 5, 48, 250, 50, 0, 0, 0, 'مقبول', '2023-11-15 15:07:51', '2023-11-15 15:07:51'),
(1336, 5, 49, 250, 50, 0, 0, 0, 'مقبول', '2023-11-15 15:07:51', '2023-11-15 15:07:51'),
(1337, 5, 50, 250, 50, 0, 0, 0, 'مقبول', '2023-11-15 15:07:51', '2023-11-15 15:07:51'),
(1338, 5, 51, 250, 0, 0, 0, 0, 'ضعيف جدا', '2023-11-15 15:07:51', '2023-11-15 15:07:51'),
(1339, 5, 52, 250, 50, 0, 0, 0, 'مقبول', '2023-11-15 15:07:51', '2023-11-15 15:07:51'),
(1340, 5, 53, 250, 50, 0, 0, 0, 'مقبول', '2023-11-15 15:07:51', '2023-11-15 15:07:51'),
(1341, 5, 54, 250, 50, 0, 0, 0, 'مقبول', '2023-11-15 15:07:51', '2023-11-15 15:07:51'),
(1342, 5, 55, 250, 50, 0, 0, 0, 'مقبول', '2023-11-15 15:07:51', '2023-11-15 15:07:51'),
(1343, 5, 56, 250, 50, 0, 0, 0, 'مقبول', '2023-11-15 15:07:51', '2023-11-15 15:07:51'),
(1344, 5, 57, 250, 50, 0, 0, 0, 'مقبول', '2023-11-15 15:07:51', '2023-11-15 15:07:51'),
(1345, 5, 58, 250, 50, 0, 0, 0, 'مقبول', '2023-11-15 15:07:51', '2023-11-15 15:07:51'),
(1346, 5, 59, 250, 50, 0, 0, 0, 'مقبول', '2023-11-15 15:07:51', '2023-11-15 15:07:51'),
(1347, 5, 60, 250, 50, 0, 0, 0, 'مقبول', '2023-11-15 15:07:51', '2023-11-15 15:07:51'),
(1348, 5, 61, 250, 50, 0, 0, 0, 'مقبول', '2023-11-15 15:07:51', '2023-11-15 15:07:51'),
(1349, 5, 62, 250, 50, 0, 0, 0, 'مقبول', '2023-11-15 15:07:51', '2023-11-15 15:07:51'),
(1350, 5, 63, 250, 50, 0, 0, 0, 'مقبول', '2023-11-15 15:07:51', '2023-11-15 15:07:51'),
(1351, 5, 64, 250, 50, 0, 0, 0, 'مقبول', '2023-11-15 15:07:51', '2023-11-15 15:07:51'),
(1352, 5, 65, 250, 50, 0, 0, 0, 'مقبول', '2023-11-15 15:07:51', '2023-11-15 15:07:51'),
(1353, 5, 66, 250, 50, 0, 0, 0, 'مقبول', '2023-11-15 15:07:51', '2023-11-15 15:07:51'),
(1354, 5, 67, 250, 50, 0, 0, 0, 'مقبول', '2023-11-15 15:07:51', '2023-11-15 15:07:51'),
(1355, 5, 68, 250, NULL, 0, 0, 0, 'غياب', '2023-11-15 15:07:52', '2023-11-15 15:07:52'),
(1356, 5, 69, 250, 50, 0, 0, 0, 'مقبول', '2023-11-15 15:07:52', '2023-11-15 15:07:52'),
(1357, 5, 70, 250, 0, 0, 0, 0, 'ضعيف جدا', '2023-11-15 15:07:52', '2023-11-15 15:07:52'),
(1358, 5, 71, 250, 50, 0, 0, 0, 'مقبول', '2023-11-15 15:07:52', '2023-11-15 15:07:52'),
(1359, 5, 72, 250, 50, 0, 0, 0, 'مقبول', '2023-11-15 15:07:52', '2023-11-15 15:07:52'),
(1360, 5, 73, 250, 50, 0, 0, 0, 'مقبول', '2023-11-15 15:07:52', '2023-11-15 15:07:52'),
(1361, 5, 74, 250, 50, 0, 0, 0, 'مقبول', '2023-11-15 15:07:52', '2023-11-15 15:07:52'),
(1362, 5, 75, 250, 50, 0, 0, 0, 'مقبول', '2023-11-15 15:07:52', '2023-11-15 15:07:52'),
(1363, 5, 76, 250, NULL, 0, 0, 0, 'غياب', '2023-11-15 15:07:52', '2023-11-15 15:07:52'),
(1364, 5, 77, 250, 50, 0, 0, 0, 'مقبول', '2023-11-15 15:07:52', '2023-11-15 15:07:52'),
(1365, 5, 78, 250, 0, 0, 0, 0, 'ضعيف جدا', '2023-11-15 15:07:52', '2023-11-15 15:07:52'),
(1366, 5, 79, 250, 50, 0, 0, 0, 'مقبول', '2023-11-15 15:07:52', '2023-11-15 15:07:52'),
(1367, 5, 80, 250, 50, 0, 0, 0, 'مقبول', '2023-11-15 15:07:52', '2023-11-15 15:07:52'),
(1368, 5, 81, 250, 50, 0, 0, 0, 'مقبول', '2023-11-15 15:07:52', '2023-11-15 15:07:52'),
(1369, 5, 82, 250, 50, 0, 0, 0, 'مقبول', '2023-11-15 15:07:52', '2023-11-15 15:07:52'),
(1370, 5, 83, 250, 50, 0, 0, 0, 'مقبول', '2023-11-15 15:07:52', '2023-11-15 15:07:52'),
(1371, 5, 84, 250, 50, 0, 0, 0, 'مقبول', '2023-11-15 15:07:52', '2023-11-15 15:07:52'),
(1372, 5, 85, 250, 50, 0, 0, 0, 'مقبول', '2023-11-15 15:07:52', '2023-11-15 15:07:52'),
(1373, 5, 86, 250, 50, 0, 0, 0, 'مقبول', '2023-11-15 15:07:52', '2023-11-15 15:07:52'),
(1374, 5, 87, 250, 50, 0, 0, 0, 'مقبول', '2023-11-15 15:07:52', '2023-11-15 15:07:52'),
(1375, 5, 88, 250, 50, 0, 0, 0, 'مقبول', '2023-11-15 15:07:52', '2023-11-15 15:07:52'),
(1376, 5, 89, 250, NULL, 0, 0, 0, 'غياب', '2023-11-15 15:07:52', '2023-11-15 15:07:52'),
(1377, 5, 90, 250, 50, 0, 0, 0, 'مقبول', '2023-11-15 15:07:52', '2023-11-15 15:07:52'),
(1378, 5, 91, 250, 50, 0, 0, 0, 'مقبول', '2023-11-15 15:07:53', '2023-11-15 15:07:53'),
(1379, 5, 92, 250, 50, 0, 0, 0, 'مقبول', '2023-11-15 15:07:53', '2023-11-15 15:07:53'),
(1380, 5, 93, 250, 50, 0, 0, 0, 'مقبول', '2023-11-15 15:07:53', '2023-11-15 15:07:53'),
(1381, 5, 94, 250, 50, 0, 0, 0, 'مقبول', '2023-11-15 15:07:53', '2023-11-15 15:07:53'),
(1382, 5, 95, 250, 50, 0, 0, 0, 'مقبول', '2023-11-15 15:07:53', '2023-11-15 15:07:53'),
(1383, 5, 96, 250, 50, 0, 0, 0, 'مقبول', '2023-11-15 15:07:53', '2023-11-15 15:07:53'),
(1384, 5, 97, 250, 50, 0, 0, 0, 'مقبول', '2023-11-15 15:07:53', '2023-11-15 15:07:53'),
(1385, 5, 98, 250, 50, 0, 0, 0, 'مقبول', '2023-11-15 15:07:53', '2023-11-15 15:07:53'),
(1386, 5, 99, 250, 50, 0, 0, 0, 'مقبول', '2023-11-15 15:07:53', '2023-11-15 15:07:53');

-- --------------------------------------------------------

--
-- Table structure for table `result_transfer_students`
--

CREATE TABLE `result_transfer_students` (
  `id` int(11) NOT NULL,
  `students_id` int(11) NOT NULL,
  `subjects_id` int(11) NOT NULL,
  `year` varchar(4) NOT NULL,
  `degree` int(11) NOT NULL,
  `grade` varchar(11) NOT NULL,
  `created_at` timestamp NOT NULL DEFAULT current_timestamp() ON UPDATE current_timestamp(),
  `updated_at` timestamp NULL DEFAULT NULL
) ENGINE=InnoDB DEFAULT CHARSET=utf8mb4 COLLATE=utf8mb4_general_ci;

-- --------------------------------------------------------

--
-- Table structure for table `semester_subject_count`
--

CREATE TABLE `semester_subject_count` (
  `id` int(11) NOT NULL,
  `gds_id` int(11) NOT NULL,
  `term` varchar(4) NOT NULL,
  `elective` int(11) NOT NULL,
  `mandatory` int(11) NOT NULL
) ENGINE=InnoDB DEFAULT CHARSET=utf8mb4 COLLATE=utf8mb4_general_ci;

--
-- Dumping data for table `semester_subject_count`
--

INSERT INTO `semester_subject_count` (`id`, `gds_id`, `term`, `elective`, `mandatory`) VALUES
(1, 1, 'اول', 1, 6),
(2, 4, 'اول', 1, 6),
(3, 4, 'ثاني', 1, 6),
(4, 3, 'ثاني', 1, 6),
(5, 20, 'ثاني', 1, 6),
(6, 2, 'اول', 0, 7),
(7, 2, 'ثاني', 0, 7);

-- --------------------------------------------------------

--
-- Table structure for table `specializes`
--

CREATE TABLE `specializes` (
  `id` int(11) NOT NULL,
  `name` varchar(100) NOT NULL,
  `created_at` timestamp NOT NULL DEFAULT current_timestamp() ON UPDATE current_timestamp(),
  `updated_at` timestamp NULL DEFAULT NULL
) ENGINE=InnoDB DEFAULT CHARSET=utf8mb4 COLLATE=utf8mb4_general_ci;

--
-- Dumping data for table `specializes`
--

INSERT INTO `specializes` (`id`, `name`, `created_at`, `updated_at`) VALUES
(1, 'عام', '2022-03-22 09:48:10', NULL),
(2, 'أدارة الأعمال السياحية', '2023-05-17 08:50:07', NULL),
(3, 'أدارة شركات الملاحة', '2023-06-19 11:10:47', NULL),
(4, 'أدارة الفنادق', '2023-05-17 08:50:39', NULL),
(5, 'أدارة مطاعم', '2023-05-17 08:50:18', NULL),
(6, 'أدارة خدمات الضيافة الجوية و البحرية', '2023-05-17 08:50:49', NULL),
(7, 'ترميم المبانى', '2023-05-17 10:29:33', NULL),
(8, 'ترميم المشغولات الغير عضوية', '2023-05-16 10:47:54', NULL),
(9, 'ترميم المقتنيات الخشبية و الاثاث', '2023-05-16 10:48:33', NULL),
(10, 'ترميم المخطوطات و المشغولات الجلدية و النسيج', '2023-05-16 10:48:46', NULL),
(11, 'ترميم الجداريات و الفسيفسا و الجصات', '2023-05-16 10:49:02', NULL),
(12, 'ترميم اللوحات الزيتية والايقونات و البورتريهات', '2023-05-16 10:49:28', NULL);

-- --------------------------------------------------------

--
-- Table structure for table `students`
--

CREATE TABLE `students` (
  `id` int(11) NOT NULL,
  `name` varchar(200) NOT NULL,
  `code` varchar(9) NOT NULL,
  `site_no` varchar(10) NOT NULL,
  `studystatuses_id` int(11) NOT NULL,
  `type_std` varchar(8) NOT NULL,
  `classfication` varchar(16) NOT NULL DEFAULT 'مستمر في الدراسة',
  `immigration_std` varchar(4) NOT NULL,
  `gender` varchar(4) NOT NULL,
  `group_id` int(11) NOT NULL,
  `department_id` int(11) NOT NULL,
  `specialize_id` int(11) NOT NULL,
  `year` varchar(9) NOT NULL,
  `bonus` int(11) NOT NULL DEFAULT 0,
  `training_third_group` varchar(4) NOT NULL DEFAULT 'راسب',
  `training` varchar(4) DEFAULT 'راسب',
  `military` varchar(8) NOT NULL,
  `created_at` datetime NOT NULL,
  `updated_at` datetime DEFAULT NULL
) ENGINE=InnoDB DEFAULT CHARSET=utf8mb4 COLLATE=utf8mb4_general_ci;

--
-- Dumping data for table `students`
--

INSERT INTO `students` (`id`, `name`, `code`, `site_no`, `studystatuses_id`, `type_std`, `classfication`, `immigration_std`, `gender`, `group_id`, `department_id`, `specialize_id`, `year`, `bonus`, `training_third_group`, `training`, `military`, `created_at`, `updated_at`) VALUES
(1, 'ابانوب عماد نجيب زكي برسوم', '6824', '801', 1, 'غير محول', 'مستمر في الدراسة', 'مصري', 'ذكر', 2, 5, 1, '2021/2022', 56, 'راسب', 'راسب', 'لم يجتاز', '2023-11-15 14:59:46', '2023-11-15 15:08:20'),
(2, 'ابراهيم حلمي محمود ابو العزم راضي', '6664', '802', 1, 'غير محول', 'مستمر في الدراسة', 'وافد', 'ذكر', 2, 5, 1, '2021/2022', 56, 'راسب', 'راسب', 'وافد', '2023-11-15 14:59:46', '2023-11-15 15:08:20'),
(3, 'ابراهيم عبد الرحيم محمود محمد الساعي', '6677', '803', 1, 'غير محول', 'مستمر في الدراسة', 'مصري', 'ذكر', 2, 5, 1, '2021/2022', 56, 'راسب', 'راسب', 'لم يجتاز', '2023-11-15 14:59:46', '2023-11-15 15:08:20'),
(4, 'ابراهيم عصام ابراهيم حسين', '6679', '804', 1, 'غير محول', 'مستمر في الدراسة', 'مصري', 'ذكر', 2, 5, 1, '2021/2022', 55, 'راسب', 'راسب', 'لم يجتاز', '2023-11-15 14:59:46', '2023-11-15 15:08:20'),
(5, 'احمد بدري عبد الرسول عاقوري', '6135', '805', 1, 'غير محول', 'مستمر في الدراسة', 'مصري', 'ذكر', 2, 5, 1, '2021/2022', 56, 'راسب', 'راسب', 'لم يجتاز', '2023-11-15 14:59:46', '2023-11-15 15:08:20'),
(6, 'احمد خالد محمود علي', '6186', '806', 1, 'غير محول', 'مستمر في الدراسة', 'مصري', 'ذكر', 2, 5, 1, '2021/2022', 51, 'راسب', 'راسب', 'لم يجتاز', '2023-11-15 14:59:46', '2023-11-15 15:08:20'),
(7, 'احمد رجب محروس عمران سلام', '6193', '807', 1, 'غير محول', 'مستمر في الدراسة', 'مصري', 'ذكر', 2, 5, 1, '2021/2022', 56, 'راسب', 'راسب', 'لم يجتاز', '2023-11-15 14:59:46', '2023-11-15 15:08:20'),
(8, 'احمد سيد ابو بكر الصديق محمد محمد', '6234', '808', 1, 'غير محول', 'مستمر في الدراسة', 'مصري', 'ذكر', 2, 5, 1, '2021/2022', 55, 'راسب', 'راسب', 'لم يجتاز', '2023-11-15 14:59:46', '2023-11-15 15:08:20'),
(9, 'احمد صالح عزازي حسين', '6868', '809', 2, 'غير محول', 'مستمر في الدراسة', 'مصري', 'ذكر', 1, 5, 1, '2021/2022', 28, 'راسب', 'راسب', 'لم يجتاز', '2023-11-15 14:59:46', '2023-11-15 15:08:20'),
(10, 'احمد علي عبد العظيم جلال', '6321', '810', 1, 'غير محول', 'مستمر في الدراسة', 'مصري', 'ذكر', 2, 5, 1, '2021/2022', 55, 'راسب', 'راسب', 'لم يجتاز', '2023-11-15 14:59:46', '2023-11-15 15:08:20'),
(11, 'احمد محمد السيد عبد الرحمن ابراهيم', '6367', '811', 1, 'غير محول', 'مستمر في الدراسة', 'مصري', 'ذكر', 2, 5, 1, '2021/2022', 56, 'راسب', 'راسب', 'لم يجتاز', '2023-11-15 14:59:46', '2023-11-15 15:08:20'),
(12, 'احمد ناصر السيد البدوي ابراهيم عبد العال', '6446', '812', 1, 'غير محول', 'مستمر في الدراسة', 'مصري', 'ذكر', 2, 5, 1, '2021/2022', 53, 'راسب', 'راسب', 'لم يجتاز', '2023-11-15 14:59:46', '2023-11-15 15:08:20'),
(13, 'اسراء احمد عبد الفتاح تمام محمد', '6917', '813', 1, 'غير محول', 'مستمر في الدراسة', 'مصري', 'انثي', 2, 5, 1, '2021/2022', 56, 'راسب', 'راسب', 'انثي', '2023-11-15 14:59:46', '2023-11-15 15:08:20'),
(14, 'اسراء عبد الدايم عبد الرحمن عبد الموجود', '6717', '814', 1, 'غير محول', 'مستمر في الدراسة', 'مصري', 'انثي', 2, 5, 1, '2021/2022', 56, 'راسب', 'راسب', 'انثي', '2023-11-15 14:59:46', '2023-11-15 15:08:20'),
(15, 'اسراء عبد العاطي عبد الصادق يحيي', '6718', '815', 1, 'غير محول', 'مستمر في الدراسة', 'مصري', 'انثي', 2, 5, 1, '2021/2022', 56, 'راسب', 'راسب', 'انثي', '2023-11-15 14:59:46', '2023-11-15 15:08:20'),
(16, 'اسراء مجدي علي محمد السخاوي', '6723', '816', 1, 'غير محول', 'مستمر في الدراسة', 'مصري', 'انثي', 2, 5, 1, '2021/2022', 56, 'راسب', 'راسب', 'انثي', '2023-11-15 14:59:46', '2023-11-15 15:08:20'),
(17, 'اسراء محمد حسن منصور', '6725', '817', 1, 'غير محول', 'مستمر في الدراسة', 'مصري', 'انثي', 2, 5, 1, '2021/2022', 56, 'راسب', 'راسب', 'انثي', '2023-11-15 14:59:46', '2023-11-15 15:08:20'),
(18, 'اسراء محمد محمد السيد', '6727', '818', 1, 'غير محول', 'مستمر في الدراسة', 'مصري', 'انثي', 2, 5, 1, '2021/2022', 56, 'راسب', 'راسب', 'انثي', '2023-11-15 14:59:46', '2023-11-15 15:08:20'),
(19, 'اسلام عبد الرازق زكي جمعه حميده', '6754', '819', 1, 'غير محول', 'مستمر في الدراسة', 'مصري', 'ذكر', 2, 5, 1, '2021/2022', 56, 'راسب', 'راسب', 'لم يجتاز', '2023-11-15 14:59:46', '2023-11-15 15:08:20'),
(20, 'اسماء احمد حسن علي سيد', '6953', '820', 1, 'غير محول', 'مستمر في الدراسة', 'مصري', 'انثي', 2, 5, 1, '2021/2022', 55, 'راسب', 'راسب', 'انثي', '2023-11-15 14:59:46', '2023-11-15 15:08:20'),
(21, 'اسماء مصطفي يوسف حماد', '6530', '821', 1, 'غير محول', 'مستمر في الدراسة', 'مصري', 'انثي', 2, 5, 1, '2021/2022', 55, 'راسب', 'راسب', 'انثي', '2023-11-15 14:59:46', '2023-11-15 15:08:20'),
(22, 'اسماعيل اشرف اسماعيل فهمي', '6957', '822', 1, 'غير محول', 'مستمر في الدراسة', 'مصري', 'ذكر', 2, 5, 1, '2021/2022', 56, 'راسب', 'راسب', 'لم يجتاز', '2023-11-15 14:59:46', '2023-11-15 15:08:20'),
(23, 'الحسين صبري مغاوري عبد الحميد', '6970', '823', 1, 'غير محول', 'مستمر في الدراسة', 'مصري', 'ذكر', 2, 5, 1, '2021/2022', 56, 'راسب', 'راسب', 'لم يجتاز', '2023-11-15 14:59:46', '2023-11-15 15:08:20'),
(24, 'السيد الخضر السيد بركات', '6975', '824', 1, 'غير محول', 'مستمر في الدراسة', 'مصري', 'ذكر', 2, 5, 1, '2021/2022', 56, 'راسب', 'راسب', 'لم يجتاز', '2023-11-15 14:59:46', '2023-11-15 15:08:20'),
(25, 'السيد علي السيد محمد', '6979', '825', 1, 'غير محول', 'مستمر في الدراسة', 'مصري', 'ذكر', 2, 5, 1, '2021/2022', 56, 'راسب', 'راسب', 'لم يجتاز', '2023-11-15 14:59:46', '2023-11-15 15:08:20'),
(26, 'الشيماء يحي احمد شحاته عيسي', '6990', '826', 1, 'غير محول', 'مستمر في الدراسة', 'مصري', 'انثي', 2, 5, 1, '2021/2022', 55, 'راسب', 'راسب', 'انثي', '2023-11-15 14:59:46', '2023-11-15 15:08:20'),
(27, 'امال احمد قباري فكري فاضل', '6548', '827', 1, 'غير محول', 'مستمر في الدراسة', 'مصري', 'انثي', 2, 5, 1, '2021/2022', 56, 'راسب', 'راسب', 'انثي', '2023-11-15 14:59:46', '2023-11-15 15:08:20'),
(28, 'امنيه احمد محمود ابراهيم', '6584', '828', 1, 'غير محول', 'مستمر في الدراسة', 'مصري', 'انثي', 2, 5, 1, '2021/2022', 55, 'راسب', 'راسب', 'انثي', '2023-11-15 14:59:46', '2023-11-15 15:08:20'),
(29, 'امنيه محمد ابراهيم محمد براغيت', '6590', '829', 1, 'غير محول', 'مستمر في الدراسة', 'مصري', 'انثي', 2, 5, 1, '2021/2022', 56, 'راسب', 'راسب', 'انثي', '2023-11-15 14:59:46', '2023-11-15 15:08:20'),
(30, 'امنيه محمد مصطفي محمد الشربيني', '6581', '830', 1, 'غير محول', 'مستمر في الدراسة', 'مصري', 'انثي', 2, 5, 1, '2021/2022', 54, 'راسب', 'راسب', 'انثي', '2023-11-15 14:59:46', '2023-11-15 15:08:20'),
(31, 'امنيه محمود صبحي حسن علي بركه', '6582', '831', 1, 'غير محول', 'مستمر في الدراسة', 'مصري', 'انثي', 2, 5, 1, '2021/2022', 55, 'راسب', 'راسب', 'انثي', '2023-11-15 14:59:46', '2023-11-15 15:08:20'),
(32, 'اميره عاطف احمد قنديل صباح', '6600', '832', 1, 'غير محول', 'مستمر في الدراسة', 'مصري', 'انثي', 2, 5, 1, '2021/2022', 56, 'راسب', 'راسب', 'انثي', '2023-11-15 14:59:46', '2023-11-15 15:08:20'),
(33, 'انصاف نزيه حسين علي الخضرجي', '6624', '833', 1, 'غير محول', 'مستمر في الدراسة', 'مصري', 'انثي', 2, 5, 1, '2021/2022', 56, 'راسب', 'راسب', 'انثي', '2023-11-15 14:59:46', '2023-11-15 15:08:20'),
(34, 'ايه جمال احمد محمد', '6642', '834', 1, 'غير محول', 'مستمر في الدراسة', 'مصري', 'انثي', 2, 5, 1, '2021/2022', 56, 'راسب', 'راسب', 'انثي', '2023-11-15 14:59:46', '2023-11-15 15:08:20'),
(35, 'ايه مصطفي احمد محمود محمد', '6050', '835', 1, 'غير محول', 'مستمر في الدراسة', 'مصري', 'انثي', 2, 5, 1, '2021/2022', 56, 'راسب', 'راسب', 'انثي', '2023-11-15 14:59:46', '2023-11-15 15:08:20'),
(36, 'باسم نبيل عطيه ابراهيم عطيه', '7056', '836', 1, 'غير محول', 'مستمر في الدراسة', 'مصري', 'ذكر', 2, 5, 1, '2021/2022', 56, 'راسب', 'راسب', 'لم يجتاز', '2023-11-15 14:59:46', '2023-11-15 15:08:20'),
(37, 'بسمه حمدي زناتي منشاوي عيد', '7085', '837', 1, 'غير محول', 'مستمر في الدراسة', 'مصري', 'انثي', 2, 5, 1, '2021/2022', 55, 'راسب', 'راسب', 'انثي', '2023-11-15 14:59:46', '2023-11-15 15:08:20'),
(38, 'توماس جرجس مسعد سلامه', '7149', '838', 1, 'غير محول', 'مستمر في الدراسة', 'مصري', 'ذكر', 2, 5, 1, '2021/2022', 55, 'راسب', 'راسب', 'لم يجتاز', '2023-11-15 14:59:46', '2023-11-15 15:08:20'),
(39, 'جهاد محمود ابراهيم محمد', '7183', '839', 1, 'غير محول', 'مستمر في الدراسة', 'مصري', 'انثي', 2, 5, 1, '2021/2022', 56, 'راسب', 'راسب', 'انثي', '2023-11-15 14:59:46', '2023-11-15 15:08:20'),
(40, 'حبيبه صلاح الدين بكري الجوهري', '7224', '840', 1, 'غير محول', 'مستمر في الدراسة', 'مصري', 'انثي', 2, 5, 1, '2021/2022', 55, 'راسب', 'راسب', 'انثي', '2023-11-15 14:59:46', '2023-11-15 15:08:20'),
(41, 'حسام عبد الجليل بيومي عبد الجليل', '7255', '841', 1, 'غير محول', 'مستمر في الدراسة', 'مصري', 'ذكر', 2, 5, 1, '2021/2022', 56, 'راسب', 'راسب', 'لم يجتاز', '2023-11-15 14:59:46', '2023-11-15 15:08:20'),
(42, 'حسن السيد حسن علي بخيت', '7279', '842', 1, 'غير محول', 'مستمر في الدراسة', 'مصري', 'ذكر', 2, 5, 1, '2021/2022', 55, 'راسب', 'راسب', 'لم يجتاز', '2023-11-15 14:59:46', '2023-11-15 15:08:20'),
(43, 'خلود عاطف محمد عبد الحميد', '7371', '843', 1, 'غير محول', 'مستمر في الدراسة', 'مصري', 'انثي', 2, 5, 1, '2021/2022', 55, 'راسب', 'راسب', 'انثي', '2023-11-15 14:59:46', '2023-11-15 15:08:20'),
(44, 'دنيا سيد الجميل سيد', '7411', '844', 1, 'غير محول', 'مستمر في الدراسة', 'مصري', 'انثي', 2, 5, 1, '2021/2022', 56, 'راسب', 'راسب', 'انثي', '2023-11-15 14:59:46', '2023-11-15 15:08:20'),
(45, 'دينا حامد ابراهيم حامد', '7433', '845', 1, 'غير محول', 'مستمر في الدراسة', 'مصري', 'انثي', 2, 5, 1, '2021/2022', 56, 'راسب', 'راسب', 'انثي', '2023-11-15 14:59:46', '2023-11-15 15:08:20'),
(46, 'رحمه السعيد ابراهيم مطاوع ابو عطوان', '7503', '846', 1, 'غير محول', 'مستمر في الدراسة', 'مصري', 'انثي', 2, 5, 1, '2021/2022', 56, 'راسب', 'راسب', 'انثي', '2023-11-15 14:59:46', '2023-11-15 15:08:20'),
(47, 'رحمه محمود محمد محمود ابراهيم', '7505', '847', 1, 'غير محول', 'مستمر في الدراسة', 'مصري', 'انثي', 2, 5, 1, '2021/2022', 56, 'راسب', 'راسب', 'انثي', '2023-11-15 14:59:46', '2023-11-15 15:08:20'),
(48, 'روان سعد ابراهيم سعد عبد الحميد', '7565', '848', 1, 'غير محول', 'مستمر في الدراسة', 'مصري', 'انثي', 2, 5, 1, '2021/2022', 55, 'راسب', 'راسب', 'انثي', '2023-11-15 14:59:46', '2023-11-15 15:08:20'),
(49, 'ريهام رافت عبد العزيز احمد محمود', '7618', '849', 1, 'غير محول', 'مستمر في الدراسة', 'مصري', 'انثي', 2, 5, 1, '2021/2022', 56, 'راسب', 'راسب', 'انثي', '2023-11-15 14:59:46', '2023-11-15 15:08:20'),
(50, 'زينب علي علي السعودي', '7664', '850', 1, 'غير محول', 'مستمر في الدراسة', 'مصري', 'انثي', 2, 5, 1, '2021/2022', 56, 'راسب', 'راسب', 'انثي', '2023-11-15 14:59:46', '2023-11-15 15:08:20'),
(51, 'ساره محمد شعبان شعبان عويس', '7703', '851', 2, 'غير محول', 'مستمر في الدراسة', 'مصري', 'انثي', 1, 5, 1, '2021/2022', 28, 'راسب', 'راسب', 'انثي', '2023-11-15 14:59:46', '2023-11-15 15:08:20'),
(52, 'سامح السيد محمد احمد', '7712', '852', 1, 'غير محول', 'مستمر في الدراسة', 'مصري', 'ذكر', 2, 5, 1, '2021/2022', 56, 'راسب', 'راسب', 'لم يجتاز', '2023-11-15 14:59:46', '2023-11-15 15:08:20'),
(53, 'سلمي حسن السيد شعبان', '7757', '853', 1, 'غير محول', 'مستمر في الدراسة', 'مصري', 'انثي', 2, 5, 1, '2021/2022', 55, 'راسب', 'راسب', 'انثي', '2023-11-15 14:59:46', '2023-11-15 15:08:20'),
(54, 'سلمي محمد عباس علي', '7763', '854', 1, 'غير محول', 'مستمر في الدراسة', 'مصري', 'انثي', 2, 5, 1, '2021/2022', 56, 'راسب', 'راسب', 'انثي', '2023-11-15 14:59:46', '2023-11-15 15:08:20'),
(55, 'سندس مسعد السيد ابراهيم الشرنوبي', '7809', '855', 1, 'غير محول', 'مستمر في الدراسة', 'مصري', 'انثي', 2, 5, 1, '2021/2022', 55, 'راسب', 'راسب', 'انثي', '2023-11-15 14:59:46', '2023-11-15 15:08:20'),
(56, 'شهاب الدين حسن جابر محمد مرسي', '7894', '856', 1, 'غير محول', 'مستمر في الدراسة', 'مصري', 'ذكر', 2, 5, 1, '2021/2022', 56, 'راسب', 'راسب', 'لم يجتاز', '2023-11-15 14:59:46', '2023-11-15 15:08:20'),
(57, 'صفاء خلف محمد محمد', '7955', '857', 1, 'غير محول', 'مستمر في الدراسة', 'مصري', 'انثي', 2, 5, 1, '2021/2022', 55, 'راسب', 'راسب', 'انثي', '2023-11-15 14:59:46', '2023-11-15 15:08:20'),
(58, 'طارق احمد محمد عبد المقصود', '7979', '858', 1, 'غير محول', 'مستمر في الدراسة', 'مصري', 'ذكر', 2, 5, 1, '2021/2022', 56, 'راسب', 'راسب', 'لم يجتاز', '2023-11-15 14:59:46', '2023-11-15 15:08:20'),
(59, 'عبد الرحمن محمد ابو زيد ابو زيد النحراوي', '8101', '859', 1, 'غير محول', 'مستمر في الدراسة', 'مصري', 'ذكر', 2, 5, 1, '2021/2022', 55, 'راسب', 'راسب', 'لم يجتاز', '2023-11-15 14:59:46', '2023-11-15 15:08:20'),
(60, 'عبد الرحمن محمد ضياء الدين محمد زغلول', '8108', '860', 1, 'غير محول', 'مستمر في الدراسة', 'مصري', 'ذكر', 2, 5, 1, '2021/2022', 56, 'راسب', 'راسب', 'لم يجتاز', '2023-11-15 14:59:46', '2023-11-15 15:08:20'),
(61, 'عبد العزيز السعيد جلال محمد عطيه', '8140', '861', 1, 'غير محول', 'مستمر في الدراسة', 'مصري', 'ذكر', 2, 5, 1, '2021/2022', 56, 'راسب', 'راسب', 'لم يجتاز', '2023-11-15 14:59:46', '2023-11-15 15:08:20'),
(62, 'علي عماد الدين صلاح علي', '8280', '862', 1, 'غير محول', 'مستمر في الدراسة', 'مصري', 'ذكر', 2, 5, 1, '2021/2022', 56, 'راسب', 'راسب', 'لم يجتاز', '2023-11-15 14:59:46', '2023-11-15 15:08:20'),
(63, 'علي متولي حسن حسن', '8319', '863', 1, 'غير محول', 'مستمر في الدراسة', 'مصري', 'ذكر', 2, 5, 1, '2021/2022', 56, 'راسب', 'راسب', 'لم يجتاز', '2023-11-15 14:59:46', '2023-11-15 15:08:20'),
(64, 'عمر اشرف احمد ناعس', '8355', '864', 1, 'غير محول', 'مستمر في الدراسة', 'مصري', 'ذكر', 2, 5, 1, '2021/2022', 56, 'راسب', 'راسب', 'لم يجتاز', '2023-11-15 14:59:46', '2023-11-15 15:08:20'),
(65, 'فاطمه الزهراء نبيل جابر عبد الله سالم', '8513', '865', 1, 'غير محول', 'مستمر في الدراسة', 'مصري', 'انثي', 2, 5, 1, '2021/2022', 56, 'راسب', 'راسب', 'انثي', '2023-11-15 14:59:46', '2023-11-15 15:08:20'),
(66, 'فاطمه صلاح جمعه قطب صالح', '8516', '866', 1, 'غير محول', 'مستمر في الدراسة', 'مصري', 'انثي', 2, 5, 1, '2021/2022', 56, 'راسب', 'راسب', 'انثي', '2023-11-15 14:59:46', '2023-11-15 15:08:20'),
(67, 'كريم اشرف نصر عبد الحميد', '8560', '867', 1, 'غير محول', 'مستمر في الدراسة', 'مصري', 'ذكر', 2, 5, 1, '2021/2022', 56, 'راسب', 'راسب', 'لم يجتاز', '2023-11-15 14:59:46', '2023-11-15 15:08:20'),
(68, 'كيرلس حشمت شاؤول ابراهيم', '8628', '868', 2, 'غير محول', 'مستمر في الدراسة', 'مصري', 'ذكر', 1, 5, 1, '2021/2022', 28, 'راسب', 'راسب', 'لم يجتاز', '2023-11-15 14:59:46', '2023-11-15 15:08:20'),
(69, 'كيرلس كميل مسعد سلامه', '8633', '869', 1, 'غير محول', 'مستمر في الدراسة', 'مصري', 'ذكر', 2, 5, 1, '2021/2022', 56, 'راسب', 'راسب', 'لم يجتاز', '2023-11-15 14:59:46', '2023-11-15 15:08:20'),
(70, 'مازن عبد الحميد محمد الجندي', '8697', '870', 1, 'غير محول', 'مستمر في الدراسة', 'مصري', 'ذكر', 2, 5, 1, '2021/2022', 56, 'راسب', 'راسب', 'لم يجتاز', '2023-11-15 14:59:46', '2023-11-15 15:08:20'),
(71, 'مايا عيسي عبد الفتاح عبد النور', '8706', '871', 1, 'غير محول', 'مستمر في الدراسة', 'مصري', 'انثي', 2, 5, 1, '2021/2022', 56, 'راسب', 'راسب', 'انثي', '2023-11-15 14:59:46', '2023-11-15 15:08:20'),
(72, 'محمد ابراهيم نصر السيد شعيب', '8799', '872', 1, 'غير محول', 'مستمر في الدراسة', 'مصري', 'ذكر', 2, 5, 1, '2021/2022', 56, 'راسب', 'راسب', 'لم يجتاز', '2023-11-15 14:59:46', '2023-11-15 15:08:20'),
(73, 'محمد احمد رجب امام', '8742', '873', 1, 'غير محول', 'مستمر في الدراسة', 'مصري', 'ذكر', 2, 5, 1, '2021/2022', 56, 'راسب', 'راسب', 'لم يجتاز', '2023-11-15 14:59:46', '2023-11-15 15:08:20'),
(74, 'محمد اسامه محمد علي', '8773', '874', 1, 'غير محول', 'مستمر في الدراسة', 'مصري', 'ذكر', 2, 5, 1, '2021/2022', 56, 'راسب', 'راسب', 'لم يجتاز', '2023-11-15 14:59:46', '2023-11-15 15:08:20'),
(75, 'محمد حسن ابراهيم محمد المظلوم', '8900', '875', 1, 'غير محول', 'مستمر في الدراسة', 'مصري', 'ذكر', 2, 5, 1, '2021/2022', 56, 'راسب', 'راسب', 'لم يجتاز', '2023-11-15 14:59:46', '2023-11-15 15:08:20'),
(76, 'محمد حسين السيد محمد خالد', '8913', '876', 2, 'غير محول', 'مستمر في الدراسة', 'مصري', 'ذكر', 1, 5, 1, '2021/2022', 28, 'راسب', 'راسب', 'لم يجتاز', '2023-11-15 14:59:46', '2023-11-15 15:08:20'),
(77, 'محمد خالد ابراهيم هنداوي', '8932', '877', 1, 'غير محول', 'مستمر في الدراسة', 'مصري', 'ذكر', 2, 5, 1, '2021/2022', 56, 'راسب', 'راسب', 'لم يجتاز', '2023-11-15 14:59:46', '2023-11-15 15:08:20'),
(78, 'محمد رمضان عبد الحميد محمد شقوير', '8980', '878', 2, 'غير محول', 'مستمر في الدراسة', 'مصري', 'ذكر', 1, 5, 1, '2021/2022', 23, 'راسب', 'راسب', 'لم يجتاز', '2023-11-15 14:59:46', '2023-11-15 15:08:20'),
(79, 'محمد عبد السلام محمد مرسي', '9096', '879', 1, 'غير محول', 'مستمر في الدراسة', 'مصري', 'ذكر', 2, 5, 1, '2021/2022', 56, 'راسب', 'راسب', 'لم يجتاز', '2023-11-15 14:59:46', '2023-11-15 15:08:20'),
(80, 'محمد عبد الكريم عبد الباري عبد الحليم حرب', '9111', '880', 1, 'غير محول', 'مستمر في الدراسة', 'مصري', 'ذكر', 2, 5, 1, '2021/2022', 56, 'راسب', 'راسب', 'لم يجتاز', '2023-11-15 14:59:46', '2023-11-15 15:08:20'),
(81, 'محمد علي سالم محمد علي', '9150', '881', 1, 'غير محول', 'مستمر في الدراسة', 'مصري', 'ذكر', 2, 5, 1, '2021/2022', 56, 'راسب', 'راسب', 'لم يجتاز', '2023-11-15 14:59:46', '2023-11-15 15:08:20'),
(82, 'محمد مجدي محمد محمد', '9203', '882', 1, 'غير محول', 'مستمر في الدراسة', 'مصري', 'ذكر', 2, 5, 1, '2021/2022', 56, 'راسب', 'راسب', 'لم يجتاز', '2023-11-15 14:59:46', '2023-11-15 15:08:20'),
(83, 'محمد مجدي يوسف ابو الحارث', '9207', '883', 1, 'غير محول', 'مستمر في الدراسة', 'مصري', 'ذكر', 2, 5, 1, '2021/2022', 56, 'راسب', 'راسب', 'لم يجتاز', '2023-11-15 14:59:46', '2023-11-15 15:08:20'),
(84, 'محمود احمد محمد علي السيد', '9326', '884', 1, 'غير محول', 'مستمر في الدراسة', 'مصري', 'ذكر', 2, 5, 1, '2021/2022', 56, 'راسب', 'راسب', 'لم يجتاز', '2023-11-15 14:59:46', '2023-11-15 15:08:20'),
(85, 'محمود اشرف عبده عبد العزيز بدر', '9335', '885', 1, 'غير محول', 'مستمر في الدراسة', 'مصري', 'ذكر', 2, 5, 1, '2021/2022', 55, 'راسب', 'راسب', 'لم يجتاز', '2023-11-15 14:59:46', '2023-11-15 15:08:20'),
(86, 'محمود حمدي محمود هاشم', '9372', '886', 1, 'غير محول', 'مستمر في الدراسة', 'مصري', 'ذكر', 2, 5, 1, '2021/2022', 56, 'راسب', 'راسب', 'لم يجتاز', '2023-11-15 14:59:46', '2023-11-15 15:08:20'),
(87, 'محمود عباس عبد الرحيم ناصف ناصف', '9411', '887', 1, 'غير محول', 'مستمر في الدراسة', 'مصري', 'ذكر', 2, 5, 1, '2021/2022', 56, 'راسب', 'راسب', 'لم يجتاز', '2023-11-15 14:59:46', '2023-11-15 15:08:20'),
(88, 'محمود علاء علي علي', '9428', '888', 1, 'غير محول', 'مستمر في الدراسة', 'مصري', 'ذكر', 2, 5, 1, '2021/2022', 56, 'راسب', 'راسب', 'لم يجتاز', '2023-11-15 14:59:46', '2023-11-15 15:08:20'),
(89, 'محمود محمد احمد بدوي', '9451', '889', 2, 'غير محول', 'مستمر في الدراسة', 'مصري', 'ذكر', 1, 5, 1, '2021/2022', 28, 'راسب', 'راسب', 'لم يجتاز', '2023-11-15 14:59:46', '2023-11-15 15:08:20'),
(90, 'محمود محمد عبد الجواد محمد عبد الجواد', '9468', '890', 1, 'غير محول', 'مستمر في الدراسة', 'مصري', 'ذكر', 2, 5, 1, '2021/2022', 56, 'راسب', 'راسب', 'لم يجتاز', '2023-11-15 14:59:46', '2023-11-15 15:08:20'),
(91, 'محمود محمد فوزي احمد', '9477', '891', 1, 'غير محول', 'مستمر في الدراسة', 'مصري', 'ذكر', 2, 5, 1, '2021/2022', 56, 'راسب', 'راسب', 'لم يجتاز', '2023-11-15 14:59:46', '2023-11-15 15:08:20'),
(92, 'محمود هاني المحمدي احمد سالم', '9491', '892', 1, 'غير محول', 'مستمر في الدراسة', 'مصري', 'ذكر', 2, 5, 1, '2021/2022', 56, 'راسب', 'راسب', 'لم يجتاز', '2023-11-15 14:59:46', '2023-11-15 15:08:20'),
(93, 'مروه حامد حمزه عبد العال حسين', '9555', '893', 1, 'غير محول', 'مستمر في الدراسة', 'مصري', 'انثي', 2, 5, 1, '2021/2022', 56, 'راسب', 'راسب', 'انثي', '2023-11-15 14:59:46', '2023-11-15 15:08:20'),
(94, 'مروه عبد الرحيم حامد حسين عبد الرحمن', '9557', '894', 1, 'غير محول', 'مستمر في الدراسة', 'مصري', 'انثي', 2, 5, 1, '2021/2022', 56, 'راسب', 'راسب', 'انثي', '2023-11-15 14:59:46', '2023-11-15 15:08:20'),
(95, 'مريم ابراهيم محمد البحيري', '9562', '895', 1, 'غير محول', 'مستمر في الدراسة', 'مصري', 'انثي', 2, 5, 1, '2021/2022', 56, 'راسب', 'راسب', 'انثي', '2023-11-15 14:59:46', '2023-11-15 15:08:20'),
(96, 'مريم السيد عبد العزيز السيد', '9563', '896', 1, 'غير محول', 'مستمر في الدراسة', 'مصري', 'انثي', 2, 5, 1, '2021/2022', 56, 'راسب', 'راسب', 'انثي', '2023-11-15 14:59:46', '2023-11-15 15:08:20'),
(97, 'مريم خالد علي الخضرجي المدخوم', '9569', '897', 1, 'غير محول', 'مستمر في الدراسة', 'مصري', 'انثي', 2, 5, 1, '2021/2022', 56, 'راسب', 'راسب', 'انثي', '2023-11-15 14:59:46', '2023-11-15 15:08:20'),
(98, 'مريم رضا محمد علي ياقوت', '9572', '898', 1, 'غير محول', 'مستمر في الدراسة', 'مصري', 'انثي', 2, 5, 1, '2021/2022', 56, 'راسب', 'راسب', 'انثي', '2023-11-15 14:59:46', '2023-11-15 15:08:20'),
(99, 'مريم علي سعد عزيز الدين السمبختي', '9575', '899', 1, 'غير محول', 'مستمر في الدراسة', 'مصري', 'انثي', 2, 5, 1, '2021/2022', 56, 'راسب', 'راسب', 'انثي', '2023-11-15 14:59:46', '2023-11-15 15:08:20');

-- --------------------------------------------------------

--
-- Table structure for table `studystatuses`
--

CREATE TABLE `studystatuses` (
  `id` int(11) NOT NULL,
  `name` varchar(100) NOT NULL,
  `created_at` timestamp NOT NULL DEFAULT current_timestamp() ON UPDATE current_timestamp(),
  `updated_at` timestamp NULL DEFAULT NULL
) ENGINE=InnoDB DEFAULT CHARSET=utf8mb4 COLLATE=utf8mb4_general_ci;

--
-- Dumping data for table `studystatuses`
--

INSERT INTO `studystatuses` (`id`, `name`, `created_at`, `updated_at`) VALUES
(1, 'مستجد', '2022-02-24 13:56:40', NULL),
(2, 'باقي', '2022-02-24 13:56:51', NULL),
(3, 'من الخارج', '2022-02-24 13:57:11', NULL);

-- --------------------------------------------------------

--
-- Table structure for table `subjects`
--

CREATE TABLE `subjects` (
  `id` int(11) NOT NULL,
  `name` varchar(255) NOT NULL,
  `code_subject` varchar(20) NOT NULL,
  `gds_id` int(11) NOT NULL,
  `term` varchar(4) NOT NULL,
  `type_subject` varchar(8) NOT NULL,
  `max_written` int(11) NOT NULL,
  `max_kpis` int(11) NOT NULL,
  `max_applied` int(11) NOT NULL
) ENGINE=InnoDB DEFAULT CHARSET=utf8mb4 COLLATE=utf8mb4_general_ci;

--
-- Dumping data for table `subjects`
--

INSERT INTO `subjects` (`id`, `name`, `code_subject`, `gds_id`, `term`, `type_subject`, `max_written`, `max_kpis`, `max_applied`) VALUES
(1, 'مدخل الى علم السياحة', 'THG111', 1, 'اول', 'اجباري', 70, 30, 0),
(2, 'تاريخ مصر القديمة و مناطقها الأثارية', 'THG112', 1, 'اول', 'اجباري', 70, 30, 0),
(3, 'مبادىء الاقتصاد', 'THG113', 1, 'اول', 'اجباري', 70, 30, 0),
(4, 'اقاليم مصر السياحية', 'THG114', 1, 'اول', 'اجباري', 70, 30, 0),
(5, 'البيئة المصرية', 'THG115', 1, 'اول', 'اجباري', 70, 30, 0),
(6, 'اللغة الاجنبية الاولي المتخصصة', 'THG116', 1, 'اول', 'اجباري', 50, 30, 20),
(7, 'اللغة الاجنبية الثانية المتخصصة (ايطالي)', 'THG117/1', 1, 'اول', 'اختياري', 50, 30, 20),
(8, 'اللغة الاجنبية الثانية المتخصصة (فرنسي)', 'THG117/2', 1, 'اول', 'اختياري', 50, 30, 20),
(9, 'مبادىء صناعة الضيافة', 'THG121', 1, 'ثاني', 'اجباري', 70, 30, 0),
(10, 'سيكولوجية العملاء', 'THG122', 1, 'ثاني', 'اجباري', 70, 30, 0),
(11, 'مبادىء الأدارة', 'THG123', 1, 'ثاني', 'اجباري', 70, 30, 0),
(12, 'الصحة الشخصية و المهنية', 'THG124', 1, 'ثاني', 'اجباري', 70, 30, 0),
(13, 'مقدمة فى القانون و حقوق الانسان', 'THG125', 1, 'ثاني', 'اجباري', 70, 30, 0),
(14, 'اللغة الاجنبية الاولي المتخصصة', 'THG126', 1, 'ثاني', 'اجباري', 50, 30, 20),
(15, 'اللغة الاجنبية الثانية المتخصصة (ايطالي)', 'THG127/1', 1, 'ثاني', 'اختياري', 50, 30, 20),
(16, 'اللغة الاجنبية الثانية المتخصصة (فرنسي)', 'THG127/2', 1, 'ثاني', 'اختياري', 50, 30, 20),
(17, 'تاريخ مصر الفرعونية 1', 'GUI211', 4, 'اول', 'اجباري', 70, 30, 0),
(18, 'اثار مصر الفرعونية 1', 'GUI212', 4, 'اول', 'اجباري', 70, 30, 0),
(19, 'لغة مصرية قديمة 1', 'GUI213', 4, 'اول', 'اجباري', 50, 30, 20),
(20, 'ديانة و ادب مصرى قديم', 'GUI214', 4, 'اول', 'اجباري', 70, 30, 0),
(21, 'الأجهزة و المنظمات السياحية', 'TAH213', 4, 'اول', 'اختياري', 70, 30, 0),
(22, 'نظم سياسية', 'GUI215/2', 4, 'اول', 'اختياري', 70, 30, 0),
(23, 'التذوق الفنى', 'GUI215/3', 4, 'اول', 'اختياري', 70, 30, 0),
(24, 'اللغة الاجنبية الاولي المتخصصة', 'THG216', 4, 'اول', 'اجباري', 50, 30, 20),
(25, 'اللغة الاجنبية الثانية المتخصصة (ايطالي)', 'THG217/1', 4, 'اول', 'اختياري', 50, 30, 20),
(26, 'اللغة الاجنبية الثانية المتخصصة (فرنسي)', 'THG217/2', 4, 'اول', 'اختياري', 50, 30, 20),
(27, 'تاريخ مصر الفرعونية 2', 'HUI221', 4, 'ثاني', 'اجباري', 70, 30, 0),
(28, 'اثار مصر الفرعونية 2', 'GUI222', 4, 'ثاني', 'اجباري', 70, 30, 0),
(29, 'لغة مصرية قديمة 2', 'GUI223', 4, 'ثاني', 'اجباري', 50, 30, 20),
(30, 'ارشاد سياحى تطبيقى 1', 'GUI224', 4, 'ثاني', 'اجباري', 0, 30, 70),
(31, 'اساليب الأرشاد السياحى', 'TAH225/3', 4, 'ثاني', 'اختياري', 70, 30, 0),
(32, 'الحرف و السلع السياحية', 'GUI225/2', 4, 'ثاني', 'اختياري', 70, 30, 0),
(33, 'العلاقات العامة', 'GUI225/3', 4, 'ثاني', 'اختياري', 70, 30, 0),
(34, 'اللغة الاجنبية الاولي المتخصصة', 'THG226', 4, 'ثاني', 'اجباري', 50, 30, 20),
(35, 'اللغة الاجنبية الثانية المتخصصة (ايطالي)', 'THG227/1', 4, 'ثاني', 'اختياري', 50, 30, 20),
(36, 'اللغة الاجنبية الثانية المتخصصة (فرنسي)', 'THG227/2', 4, 'ثاني', 'اختياري', 50, 30, 20),
(37, 'مبادىء محاسبة', 'TAH211', 3, 'اول', 'اجباري', 50, 30, 20),
(38, 'مبادىء الأحصاء', 'TAH212', 3, 'اول', 'اجباري', 50, 30, 20),
(39, 'الأجهزة و المنظمات السياحية', 'TAH213', 3, 'اول', 'اجباري', 70, 30, 0),
(40, 'مقدمة فى أدارة الأعمال', 'TAH214', 3, 'اول', 'اجباري', 70, 30, 0),
(41, 'السياحة و البيئة', 'TAH215/1', 3, 'اول', 'اختياري', 70, 30, 0),
(42, 'أدارة نظم المعلومات', 'TAH215/2', 3, 'اول', 'اختياري', 70, 30, 0),
(43, 'أدارة المقاصد السياحية', 'TAH215/3', 3, 'اول', 'اختياري', 70, 30, 0),
(44, 'اللغة الاجنبية الاولي المتخصصة', 'THG216', 3, 'اول', 'اجباري', 50, 30, 20),
(45, 'اللغة الاجنبية الثانية المتخصصة (ايطالي)', 'THG217/1', 3, 'اول', 'اختياري', 50, 30, 20),
(46, 'اللغة الاجنبية الثانية المتخصصة (فرنسي)', 'THG217/2', 3, 'اول', 'اختياري', 50, 30, 20),
(47, 'محاسبة سياحية و فندقية', 'TAH221', 3, 'ثاني', 'اجباري', 50, 30, 20),
(48, 'احصاء السياحى و الفندقى', 'TAH222', 3, 'ثاني', 'اجباري', 50, 30, 20),
(49, 'مبادىء التسويق', 'TAH223', 3, 'ثاني', 'اجباري', 70, 30, 0),
(50, 'مقدمة فى نظم المعلومات', 'TAH224', 3, 'ثاني', 'اجباري', 20, 30, 50),
(51, 'التنمية السياحية المستدامة', 'TAH225/1', 3, 'ثاني', 'اختياري', 70, 30, 0),
(52, 'ادارة المنتجعات السياحية', 'TAH225/2', 3, 'ثاني', 'اختياري', 70, 30, 0),
(53, 'اساليب الأرشاد السياحى', 'TAH225/3', 3, 'ثاني', 'اختياري', 70, 30, 0),
(54, 'اللغة الاجنبية الاولي المتخصصة', 'THG226', 3, 'ثاني', 'اجباري', 50, 30, 20),
(55, 'اللغة الاجنبية الثانية المتخصصة (ايطالي)', 'THG227/1', 3, 'ثاني', 'اختياري', 50, 30, 20),
(56, 'اللغة الاجنبية الثانية المتخصصة (فرنسي)', 'THG227/2', 3, 'ثاني', 'اختياري', 50, 30, 20),
(57, 'تاريخ مصر الفرعونية 3', 'GUI311', 6, 'اول', 'اجباري', 70, 30, 0),
(58, 'اثار مصر الفرعونية 3', 'GUI312', 6, 'اول', 'اجباري', 70, 30, 0),
(59, 'لغة مصرية قديمة 3', 'GUI313', 6, 'اول', 'اجباري', 50, 30, 20),
(60, 'ارشاد سياحى تطبيقى 2', 'GUI314', 6, 'اول', 'اجباري', 0, 30, 70),
(61, 'فن المتاحف', 'GUI315/1', 6, 'اول', 'اختياري', 70, 30, 0),
(62, 'سلوك العميل', 'TOU315/1', 6, 'اول', 'اختياري', 70, 30, 0),
(63, 'سياحة ثقافية', 'TOU315/3', 6, 'اول', 'اختياري', 70, 30, 0),
(64, 'اللغة الاجنبية الاولي المتخصصة', 'THG316', 6, 'اول', 'اجباري', 50, 30, 20),
(65, 'اللغة الاجنبية الثانية المتخصصة (ايطالي)', 'THG317/1', 6, 'اول', 'اختياري', 50, 30, 20),
(66, 'اللغة الاجنبية الثانية المتخصصة (فرنسي)', 'THG317/2', 6, 'اول', 'اختياري', 50, 30, 20),
(67, 'تاريخ مصر اليونانية الرومانية', 'GUI321', 6, 'ثاني', 'اجباري', 70, 30, 0),
(68, 'اثار مصر اليونانية الرومانية', 'GUI322', 6, 'ثاني', 'اجباري', 70, 30, 0),
(69, 'اثار مصر الفرعونية 4', 'GUI323', 6, 'ثاني', 'اجباري', 70, 30, 0),
(70, 'ارشاد سياحى تطبيقى  3', 'GUI324', 6, 'ثاني', 'اجباري', 0, 30, 70),
(71, 'ادارة الموارد البشرية', 'TOU323', 6, 'ثاني', 'اختياري', 70, 30, 0),
(72, 'مجتمع مصرى معاصر', 'GUI325/2', 6, 'ثاني', 'اختياري', 70, 30, 0),
(73, 'ادارة المجموعات السياحية والزوار', 'GUI325/3', 6, 'ثاني', 'اختياري', 70, 30, 0),
(74, 'اللغة الاجنبية الاولي المتخصصة', 'THG326', 6, 'ثاني', 'اجباري', 50, 30, 20),
(75, 'اللغة الاجنبية الثانية المتخصصة (ايطالي)', 'THG327/1', 6, 'ثاني', 'اختياري', 50, 30, 20),
(76, 'اللغة الاجنبية الثانية المتخصصة (فرنسي)', 'THG327/2', 6, 'ثاني', 'اختياري', 50, 30, 20),
(77, 'اعمال شركات سياحة 1', 'TOU311', 7, 'اول', 'اجباري', 50, 30, 20),
(78, 'تنمية المبيعات السياحية', 'TOU312', 7, 'اول', 'اجباري', 70, 30, 0),
(79, 'بحوث الأسواق السياحية', 'TOU313', 7, 'اول', 'اجباري', 70, 30, 0),
(80, 'اقتصاديات المشروعات السياحية', 'TOU314', 7, 'اول', 'اجباري', 70, 30, 0),
(81, 'سلوك العميل', 'TOU315/1', 7, 'اول', 'اختياري', 70, 30, 0),
(82, 'مقدمة فى الاحداث الخاصة', 'TOU315/2', 7, 'اول', 'اختياري', 70, 30, 0),
(83, 'السياحة الثقافية', 'TOU315/3', 7, 'اول', 'اختياري', 70, 30, 0),
(84, 'اللغة الاجنبية الاولي المتخصصة', 'THG316', 7, 'اول', 'اجباري', 50, 30, 20),
(85, 'اللغة الاجنبية الثانية المتخصصة (ايطالي)', 'THG317/1', 7, 'اول', 'اختياري', 50, 30, 20),
(86, 'اللغة الاجنبية الثانية المتخصصة (فرنسي)', 'THG317/2', 7, 'اول', 'اختياري', 50, 30, 20),
(87, 'اعمال شركات سياحة 2', 'TOU321', 7, 'ثاني', 'اجباري', 50, 30, 20),
(88, 'السياحة الألكترونية', 'TOU322', 7, 'ثاني', 'اجباري', 50, 30, 20),
(89, 'ادارة الموارد البشرية', 'TOU323', 7, 'ثاني', 'اجباري', 70, 30, 0),
(90, 'التخطيط السياحى', 'TOU324', 7, 'ثاني', 'اجباري', 70, 30, 0),
(91, 'ادارة الجودة الشاملة', 'TOU325//1', 7, 'ثاني', 'اختياري', 70, 30, 0),
(92, 'تشريعات السياحية و الفندقية', 'TOU325/2', 7, 'ثاني', 'اختياري', 70, 30, 0),
(93, 'أدارة الخطر و التأمين', 'TOU325/3', 7, 'ثاني', 'اختياري', 70, 30, 0),
(94, 'اللغة الاجنبية الاولي المتخصصة', 'THG326', 7, 'ثاني', 'اجباري', 50, 30, 20),
(95, 'اللغة الاجنبية الثانية المتخصصة (ايطالي)', 'THG327/1', 7, 'ثاني', 'اختياري', 50, 30, 20),
(96, 'اللغة الاجنبية الثانية المتخصصة (فرنسي)', 'THG327/2', 7, 'ثاني', 'اختياري', 50, 30, 20),
(97, 'أدارة فنادق', 'HTL311', 8, 'اول', 'اجباري', 50, 30, 20),
(98, 'المكاتب الامامية', 'HTL312', 8, 'اول', 'اجباري', 50, 30, 20),
(99, 'محاسبة تكاليف فندقية', 'HTL313', 8, 'اول', 'اجباري', 50, 30, 20),
(100, 'فن الطهى 1', 'HTL314', 8, 'اول', 'اجباري', 20, 30, 50),
(101, 'نظم الرقابة فى صناعة الضيافة', 'HTL315/1', 8, 'اول', 'اختياري', 70, 30, 0),
(102, 'تنمية المبيعات الفندقية', 'HTL315/2', 8, 'اول', 'اختياري', 70, 30, 0),
(103, 'اتفاقيات الادارة', 'HTL315/3', 8, 'اول', 'اختياري', 70, 30, 0),
(104, 'اللغة الاجنبية الاولي المتخصصة', 'THG316', 8, 'اول', 'اجباري', 50, 30, 20),
(105, 'اللغة الاجنبية الثانية المتخصصة (ايطالي)', 'THG317/1', 8, 'اول', 'اختياري', 50, 30, 20),
(106, 'اللغة الاجنبية الثانية المتخصصة (فرنسي)', 'THG317/2', 8, 'اول', 'اختياري', 50, 30, 20),
(107, 'اشراف داخلى', 'HTL321', 8, 'ثاني', 'اجباري', 50, 30, 20),
(108, 'خدمة اغذية و مشروبات', 'HTL322', 8, 'ثاني', 'اجباري', 50, 30, 20),
(109, 'دورة الاغذية و الشروبات', 'HTL323', 8, 'ثاني', 'اجباري', 70, 30, 0),
(110, 'فن الطهى 2', 'HTL324', 8, 'ثاني', 'اجباري', 20, 30, 50),
(111, 'ادارة النقاط الحرجة', 'HTL325/1', 8, 'ثاني', 'اختياري', 70, 30, 0),
(112, 'ادارة الموارد البشرية', 'TOU323', 8, 'ثاني', 'اختياري', 70, 30, 0),
(113, 'التشريعات السياحية و الفندقية', 'TOU325/2', 8, 'ثاني', 'اختياري', 70, 30, 0),
(114, 'اللغة الاجنبية الاولي المتخصصة', 'THG326', 8, 'ثاني', 'اجباري', 50, 30, 20),
(115, 'اللغة الاجنبية الثانية المتخصصة (ايطالي)', 'THG327/1', 8, 'ثاني', 'اختياري', 50, 30, 20),
(116, 'اللغة الاجنبية الثانية المتخصصة (فرنسي)', 'THG327/2', 8, 'ثاني', 'اختياري', 50, 30, 20),
(117, 'تاريخ و اثار مصر البيزانطية', 'GUI411', 12, 'اول', 'اجباري', 70, 30, 0),
(118, 'تاريخ مصر الاسلامية', 'GUI412', 12, 'اول', 'اجباري', 70, 30, 0),
(119, 'اثار مصر الاسلامية 1', 'GUI413', 12, 'اول', 'اجباري', 70, 30, 0),
(120, 'ارشاد سياحى تطبيقى 4', 'GUI414', 12, 'اول', 'اجباري', 0, 30, 70),
(121, 'اتيكيت و بروتوكول', 'HTM412', 12, 'اول', 'اختياري', 70, 30, 0),
(122, 'ادارة الأزمات السياحية', 'TOT415/3', 12, 'اول', 'اختياري', 70, 30, 0),
(123, 'ثقافة و عادات الشعوب', 'HTA412', 12, 'اول', 'اختياري', 70, 30, 0),
(124, 'لعة اولى', 'THG416', 12, 'اول', 'اجباري', 50, 30, 20),
(125, 'اللغة الاجنبية الثانية المتخصصة (ايطالي)', 'THG417/1', 12, 'اول', 'اختياري', 50, 30, 20),
(126, 'اللغة الاجنبية الثانية المتخصصة (فرنسي)', 'THG417/2', 12, 'اول', 'اختياري', 50, 30, 20),
(127, 'اثار مصر الاسلامية 2', 'GUI421', 12, 'ثاني', 'اجباري', 70, 30, 0),
(128, 'تاريخ مصر الحديث و المعاصر', 'GUI422', 12, 'ثاني', 'اجباري', 70, 30, 0),
(129, 'معالم مصر الحديثة و المعاصرة', 'GUI423', 12, 'ثاني', 'اجباري', 70, 30, 0),
(130, 'ارشاد سياحى تطبيقى 5', 'GUI424', 12, 'ثاني', 'اجباري', 0, 60, 140),
(131, 'مهارات الاتصال و التفاوض', 'HTA411', 12, 'ثاني', 'اختياري', 70, 30, 0),
(132, 'الاسعافات الأولية', 'HTM425/3', 12, 'ثاني', 'اختياري', 70, 30, 0),
(133, 'رضاء العميل', 'TOT423', 12, 'ثاني', 'اختياري', 70, 30, 0),
(134, 'اللغة الاجنبية الاولي المتخصصة', 'THG426', 12, 'ثاني', 'اجباري', 50, 30, 20),
(135, 'اللغة الاجنبية الثانية المتخصصة (ايطالي)', 'THG427/1', 12, 'ثاني', 'اختياري', 50, 30, 20),
(136, 'اللغة الاجنبية الثانية المتخصصة (فرنسي)', 'THG427/2', 12, 'ثاني', 'اختياري', 50, 30, 20),
(137, 'دراسة جدوى المشروعات السياحية', 'TOT411', 13, 'اول', 'اجباري', 50, 30, 20),
(138, 'التنبؤ بالطلب السياحى', 'TOT412', 13, 'اول', 'اجباري', 70, 30, 0),
(139, 'تنظيم و ادارة سياحة المؤتمرات و المعارض', 'TOT413', 13, 'اول', 'اجباري', 70, 30, 0),
(140, 'السياحة و المجتمع المضيف', 'TOT414', 13, 'اول', 'اجباري', 70, 30, 0),
(141, 'اعمال شركات طيران 1', 'TOT415/1', 13, 'اول', 'اختياري', 70, 30, 0),
(142, 'أعمال شركات ملاحة 1', 'TOT415/2', 13, 'اول', 'اختياري', 70, 30, 0),
(143, 'ادارة الأزمات السياحية', 'TOT415/3', 13, 'اول', 'اختياري', 70, 30, 0),
(144, 'لعة اولى', 'THG416', 13, 'اول', 'اجباري', 50, 30, 20),
(145, 'اللغة الاجنبية الثانية المتخصصة (ايطالي)', 'THG417/1', 13, 'اول', 'اختياري', 50, 30, 20),
(146, 'اللغة الاجنبية الثانية المتخصصة (فرنسي)', 'THG417/2', 13, 'اول', 'اختياري', 50, 30, 20),
(147, 'انظمة الحجز الألكترونى فى السياحة', 'TOT421', 13, 'ثاني', 'اجباري', 50, 30, 20),
(148, 'اقتصاديات النقل السياحى', 'TOT422', 13, 'ثاني', 'اجباري', 70, 30, 0),
(149, 'رضاء العميل', 'TOT423', 13, 'ثاني', 'اجباري', 70, 30, 0),
(150, 'مشروع التخرج', 'TOT424', 13, 'ثاني', 'اجباري', 150, 50, 0),
(151, 'اعمال شركات طيران 2', 'TOT425/1', 13, 'ثاني', 'اختياري', 70, 30, 0),
(152, 'اعمال شركات ملاحة 2', 'TOT425/2', 13, 'ثاني', 'اختياري', 70, 30, 0),
(153, 'ادارة الامن و السلامة الجوية و البحرية', 'TOT425/3', 13, 'ثاني', 'اختياري', 70, 30, 0),
(154, 'اللغة الاجنبية الاولي المتخصصة', 'THG426', 13, 'ثاني', 'اجباري', 50, 30, 20),
(155, 'اللغة الاجنبية الثانية المتخصصة (ايطالي)', 'THG427/1', 13, 'ثاني', 'اختياري', 50, 30, 20),
(156, 'اللغة الاجنبية الثانية المتخصصة (فرنسي)', 'THG427/2', 13, 'ثاني', 'اختياري', 50, 30, 20),
(157, 'ادارة المطاعم', 'HTR411', 16, 'اول', 'اجباري', 70, 30, 0),
(158, 'اتيكيت و بروتوكول', 'HTM412', 16, 'اول', 'اجباري', 70, 30, 0),
(159, 'انواع المطاعم', 'HTR412', 16, 'اول', 'اجباري', 70, 30, 0),
(160, 'دراسة جدوى المشروعات الفندقية', 'HTM411', 16, 'اول', 'اجباري', 50, 30, 20),
(161, 'ادارة الازمات السياحية', 'TOT415/3', 16, 'اول', 'اختياري', 70, 30, 0),
(162, 'اعداد وتموين الاغذية والمشروبات', 'HTM415/2', 16, 'اول', 'اختياري', 70, 30, 0),
(163, 'سلاسل مطاعم الخدمة السريعة', 'HTR413/1', 16, 'اول', 'اختياري', 70, 30, 0),
(164, 'لعة اولى', 'THG416', 16, 'اول', 'اجباري', 50, 30, 20),
(165, 'اللغة الاجنبية الثانية المتخصصة (ايطالي)', 'THG417/1', 16, 'اول', 'اختياري', 50, 30, 20),
(166, 'اللغة الاجنبية الثانية المتخصصة (فرنسي)', 'THG417/2', 16, 'اول', 'اختياري', 50, 30, 20),
(167, 'سلامة الاغذية و المشروبات', 'HTR421', 16, 'ثاني', 'اجباري', 70, 30, 0),
(168, 'فن الضيافة و خدمة المطاعم', 'HTR422', 16, 'ثاني', 'اجباري', 50, 30, 20),
(169, 'تجهيزات و صيانة المطاعم', 'HTR423', 16, 'ثاني', 'اجباري', 70, 30, 0),
(170, 'مشروع التخرج', 'HTR424', 16, 'ثاني', 'اجباري', 150, 50, 0),
(171, 'المطاعم العرقية', 'HTR425/1', 16, 'ثاني', 'اختياري', 70, 30, 0),
(172, 'ادارة الأمن الفندقى', 'HTM425/2', 16, 'ثاني', 'اختياري', 70, 30, 0),
(173, 'الاسعافات الأولية', 'HTM425/3', 16, 'ثاني', 'اختياري', 70, 30, 0),
(174, 'اللغة الاجنبية الاولي المتخصصة', 'THG426', 16, 'ثاني', 'اجباري', 50, 30, 20),
(175, 'اللغة الاجنبية الثانية المتخصصة (ايطالي)', 'THG427/1', 16, 'ثاني', 'اختياري', 50, 30, 20),
(176, 'اللغة الاجنبية الثانية المتخصصة (فرنسي)', 'THG427/2', 16, 'ثاني', 'اختياري', 50, 30, 20),
(177, 'دراسة جدوى المشروعات السياحية', 'TOM411', 14, 'اول', 'اجباري', 50, 30, 20),
(178, 'اعمال شركات الملاحة البحرية 1', 'TOT415/2', 14, 'اول', 'اجباري', 70, 30, 0),
(179, 'خدمات الشحن', 'TOM412', 14, 'اول', 'اجباري', 70, 30, 0),
(180, 'مقدمة فى صناعة الملاحة', 'TOM413', 14, 'اول', 'اجباري', 70, 30, 0),
(181, 'أعمال شركات طيران 1', 'TOT415/1', 14, 'اول', 'اختياري', 70, 30, 0),
(182, 'ادارة الازمات السياحية', 'TOT415/3', 14, 'اول', 'اختياري', 70, 30, 0),
(183, 'التنبؤ بالطلب السياحى', 'TOT412', 14, 'اول', 'اختياري', 70, 30, 0),
(184, 'اللغة الاجنبية الاولي المتخصصة', 'THG416', 14, 'اول', 'اجباري', 50, 30, 20),
(185, 'اللغة الاجنبية الثانية المتخصصة (ايطالي)', 'THG417/1', 14, 'اول', 'اختياري', 50, 30, 20),
(186, 'اللغة الاجنبية الثانية المتخصصة (فرنسي)', 'THG417/2', 14, 'اول', 'اختياري', 50, 30, 20),
(187, 'ادارة المطارات و الموانى', 'TOM421', 14, 'ثاني', 'اجباري', 70, 30, 0),
(188, 'اعمال شركات الملاحة البحرية 2', 'TOT422', 14, 'ثاني', 'اجباري', 70, 30, 0),
(189, 'رضاء العميل', 'TOT423', 14, 'ثاني', 'اجباري', 70, 30, 0),
(190, 'مشروع التخرج', 'TOM424', 14, 'ثاني', 'اجباري', 150, 50, 0),
(191, 'اعمال شركات طيران 2', 'TOT425/1', 14, 'ثاني', 'اختياري', 70, 30, 0),
(192, 'اقتصاديات النقل السياحي', 'TOT425/2', 14, 'ثاني', 'اختياري', 70, 30, 0),
(193, 'ادارة الامن و السلامة الجوية و البحرية', 'TOT425/3', 14, 'ثاني', 'اختياري', 70, 30, 0),
(194, 'اللغة الاجنبية الاولي المتخصصة', 'THG426', 14, 'ثاني', 'اجباري', 50, 30, 20),
(195, 'اللغة الاجنبية الثانية المتخصصة (ايطالي)', 'THG427/1', 14, 'ثاني', 'اختياري', 50, 30, 20),
(196, 'اللغة الاجنبية الثانية المتخصصة (فرنسي)', 'THG427/2', 14, 'ثاني', 'اختياري', 50, 30, 20),
(197, 'دراسة جدوى المشروعات الفندقية', 'HTM411', 15, 'اول', 'اجباري', 50, 30, 20),
(198, 'اتيكيت و بروتوكول', 'HTM412', 15, 'اول', 'اجباري', 70, 30, 0),
(199, 'التسويق الفندقى', 'HTM413', 15, 'اول', 'اجباري', 70, 30, 0),
(200, 'هندسة قوائم الطعام', 'HTM414', 15, 'اول', 'اجباري', 50, 30, 20),
(201, 'ادارة الازمات السياحية', 'TOT415/3', 15, 'اول', 'اختياري', 70, 30, 0),
(202, 'ادارة خدمات الاغذية فى المؤسسات', 'HTM415/1', 15, 'اول', 'اختياري', 70, 30, 0),
(203, 'اعداد وتموين الاغذية والمشروبات', 'HTM415/2', 15, 'اول', 'اختياري', 70, 30, 0),
(204, 'اللغة الاجنبية الاولي المتخصصة', 'THG416', 15, 'اول', 'اجباري', 50, 30, 20),
(205, 'اللغة الاجنبية الثانية المتخصصة (ايطالي)', 'THG417/1', 15, 'اول', 'اختياري', 50, 30, 20),
(206, 'اللغة الاجنبية الثانية المتخصصة (فرنسي)', 'THG417/2', 15, 'اول', 'اختياري', 50, 30, 20),
(207, 'انظمة الحجز الالكترونى فى الفنادق', 'HTM421', 15, 'ثاني', 'اجباري', 20, 30, 50),
(208, 'الشئون الصحية  فى صناعة الضيافة', 'HTM422', 15, 'ثاني', 'اجباري', 70, 30, 0),
(209, 'تجهيزات و صيانة فندقية', 'HTM423', 15, 'ثاني', 'اجباري', 50, 30, 20),
(210, 'مشروع التخرج', 'HTM424', 15, 'ثاني', 'اجباري', 150, 50, 0),
(211, 'ادارة الخطر و التأمين', 'HTM425/1', 15, 'ثاني', 'اختياري', 70, 30, 0),
(212, 'ادارة الأمن الفندقى', 'HTM425/2', 15, 'ثاني', 'اختياري', 70, 30, 0),
(213, 'الاسعافات الاولية', 'HTM425/3', 15, 'ثاني', 'اختياري', 70, 30, 0),
(214, 'اللغة الاجنبية الاولي المتخصصة', 'THG426', 15, 'ثاني', 'اجباري', 50, 30, 20),
(215, 'اللغة الاجنبية الثانية المتخصصة (ايطالي)', 'THG427/1', 15, 'ثاني', 'اختياري', 50, 30, 20),
(216, 'اللغة الاجنبية الثانية المتخصصة (فرنسي)', 'THG427/2', 15, 'ثاني', 'اختياري', 50, 30, 20),
(217, 'خدمات الضيافة الجوية و البحرية', 'HTA411', 17, 'اول', 'اجباري', 140, 60, 0),
(218, 'اتيكيت و بروتوكول', 'HTM412', 17, 'اول', 'اجباري', 70, 30, 0),
(219, 'ثقافة و عادات الشعوب', 'HTA412', 17, 'اول', 'اجباري', 70, 30, 0),
(220, 'اعداد وتموين الاغذية والمشروبات', 'HTM415/2', 17, 'اول', 'اجباري', 70, 30, 0),
(221, 'ادارة الازمات السياحية', 'TOT415/3', 17, 'اول', 'اختياري', 70, 30, 0),
(222, 'الاسواق الحرة', 'HTA413/1', 17, 'اول', 'اختياري', 70, 30, 0),
(223, 'الجغرافيا السياحية العالمية', 'HTA413/2', 17, 'اول', 'اختياري', 70, 30, 0),
(224, 'اللغة الاجنبية الاولي المتخصصة', 'THG416', 17, 'اول', 'اجباري', 50, 30, 20),
(225, 'اللغة الاجنبية الثانية المتخصصة (ايطالي)', 'THG417/1', 17, 'اول', 'اختياري', 50, 30, 20),
(226, 'اللغة الاجنبية الثانية المتخصصة (فرنسي)', 'THG417/2', 17, 'اول', 'اختياري', 50, 30, 20),
(227, 'ادارة الامن و السلامة الجوية و البحرية', 'TOT425/3', 17, 'ثاني', 'اجباري', 70, 30, 0),
(228, 'الاسعافات الأولية', 'HTM425/3', 17, 'ثاني', 'اجباري', 70, 30, 0),
(229, 'رضاء العميل', 'TOM423', 17, 'ثاني', 'اجباري', 70, 30, 0),
(230, 'مهارات الاتصال و التفاوض', 'HTA421', 17, 'ثاني', 'اجباري', 70, 30, 0),
(231, 'ادارة الخطر و التأمين', 'HTM425/1', 17, 'ثاني', 'اختياري', 70, 30, 0),
(232, 'ادارة الأمن الفندقى', 'HTM425/2', 17, 'ثاني', 'اختياري', 70, 30, 0),
(233, 'ادارة المطارات و الموانى', 'TOM421', 17, 'ثاني', 'اختياري', 70, 30, 0),
(234, 'اللغة الاجنبية الاولي المتخصصة', 'THG426', 17, 'ثاني', 'اجباري', 50, 30, 20),
(235, 'اللغة الاجنبية الثانية المتخصصة (ايطالي)', 'THG427/1', 17, 'ثاني', 'اختياري', 50, 30, 20),
(236, 'اللغة الاجنبية الثانية المتخصصة (فرنسي)', 'THG427/2', 17, 'ثاني', 'اختياري', 50, 30, 20),
(237, 'موضوعات متخصصة بلغة اوربية (فخار و زجاج)', 'RES111', 2, 'اول', 'اجباري', 70, 20, 10),
(238, 'مقدمة فى ترميم المبانى', 'RES112', 2, 'اول', 'اجباري', 70, 20, 10),
(239, 'مقدمة فى اساليب التصوير عبر العصور', 'RES113', 2, 'اول', 'اجباري', 70, 20, 10),
(240, 'تكنولوجيا صناعة الاخشاب', 'RES114', 2, 'اول', 'اجباري', 70, 20, 10),
(241, 'مقدمة فى الصناعات النسيجية', 'RES115', 2, 'اول', 'اجباري', 70, 20, 10),
(242, 'مقدمة فى تكنولوجيا الجلود و العظم', 'RES116', 2, 'اول', 'اجباري', 70, 20, 10),
(243, 'تكنولوجيا المواد و الصناعات غير العضوية (زجاج و فخار)', 'RES117', 2, 'اول', 'اجباري', 70, 20, 10),
(244, 'موضوعات متخصصة بلغة اوربية (معادن)', 'RES121', 2, 'ثاني', 'اجباري', 70, 20, 10),
(245, 'تاريخ العمارة و مواد البناء', 'RES122', 2, 'ثاني', 'اجباري', 70, 20, 10),
(246, 'مواد و خامات التصوير', 'RES123', 2, 'ثاني', 'اجباري', 70, 20, 10),
(247, 'تقنيات تشكيل الاخشاب', 'RES124', 2, 'ثاني', 'اجباري', 70, 20, 10),
(248, 'مواد و خامات النسيج و السجاد و الكليم', 'RES125', 2, 'ثاني', 'اجباري', 70, 20, 10),
(249, 'مقدمة فى تكنولوحيا المخطوطات و الصور الفوتوغرافية', 'RES126', 2, 'ثاني', 'اجباري', 70, 20, 10),
(250, 'تكنولوجيا المواد و الصناعات غير العضوية (المعادن والحلى والاحجار)', 'RES127', 2, 'ثاني', 'اجباري', 70, 20, 10),
(251, 'موضوعات متخصصة بلغة اوربية (اخشاب)', 'RES211', 5, 'اول', 'اجباري', 70, 20, 10),
(252, 'تقنيات البناء التقليدية', 'RES212', 5, 'اول', 'اجباري', 70, 20, 10),
(253, 'المواد الملونة و الوسائط', 'RES213', 5, 'اول', 'اجباري', 70, 20, 10),
(254, 'تقنيات التحف العاجية والعظمية', 'RES214', 5, 'اول', 'اجباري', 70, 20, 10),
(255, 'صياغة و تشكيل المعادن و الحلى', 'RES215', 5, 'اول', 'اجباري', 70, 20, 10),
(256, '(1) تطبيقات الحاسب الالى فى مجال الترميم', 'RES216', 5, 'اول', 'اجباري', 70, 20, 10),
(257, 'تاريخ و اثار مصر الفرعونية', 'RES217/1', 5, 'اول', 'اختياري', 70, 30, 0),
(258, 'تاريخ و اثار مصر اليونانية', 'RES217/2', 5, 'اول', 'اختياري', 70, 30, 0),
(259, 'تاريخ و اثار مصر البيزنطية', 'RES217/3', 5, 'اول', 'اختياري', 70, 30, 0),
(260, 'موضوعات متخصصة بلغة اوربية (مخطوطات)', 'RES221', 5, 'ثاني', 'اجباري', 70, 20, 10),
(261, 'الحفاظ على المواقع التراثية و التاريخية', 'RES222', 5, 'ثاني', 'اجباري', 70, 20, 10),
(262, 'الاحبار و الاصباغ', 'RES223', 5, 'ثاني', 'اجباري', 70, 20, 10),
(263, 'طرق رخرفة المشغولات الخشبية', 'RES224', 5, 'ثاني', 'اجباري', 70, 20, 10),
(264, 'تطبيقات الحاسب الالى فى مجال الترميم (2)', 'RES225', 5, 'ثاني', 'اجباري', 70, 20, 10),
(265, 'مبادىء فحص و تحليل المواد و الخامات', 'RES226', 5, 'ثاني', 'اجباري', 70, 20, 10),
(266, 'تاريخ و اثار مصر الاسلامية', 'RES227/1', 5, 'ثاني', 'اختياري', 70, 30, 0),
(267, 'لغة مصرية قديمة', 'RES227/2', 5, 'ثاني', 'اختياري', 70, 30, 0),
(268, 'تاريخ مصر الحديث و المعاصر', 'RES227/3', 5, 'ثاني', 'اختياري', 70, 30, 0),
(269, 'مساحة و رسم معمارى', 'RIN311', 9, 'اول', 'اجباري', 70, 20, 10),
(270, 'تطبيقات المعادن و الصخور فى مجال الترميم', 'RIN312', 9, 'اول', 'اجباري', 70, 20, 10),
(271, 'تطبيقات الكيمياء فى ترميم المشغولات غير العضوية', 'RIN313', 9, 'اول', 'اجباري', 70, 20, 10),
(272, 'تطبيقات التربة فى ترميم المبانى', 'RIN314', 9, 'اول', 'اجباري', 70, 20, 10),
(273, 'تسجيل و توثيق المبانى و المشغولات غير العضوية', 'RIN315', 9, 'اول', 'اجباري', 70, 20, 10),
(274, 'موضوعات متخصصة بلغة اجنبية (مواد بناء)', 'RIN316', 9, 'اول', 'اجباري', 70, 20, 10),
(275, 'الحفائر و التنقيب الاثرى', 'RIN317/1', 9, 'اول', 'اختياري', 70, 30, 0),
(276, 'مهارات كتابة البحث العلمى', 'RIN317/2', 9, 'اول', 'اختياري', 70, 30, 0),
(277, 'التلف البيولوجى و الحشرات فى المبانى', 'RIN317/3', 9, 'اول', 'اختياري', 70, 30, 0),
(278, 'ترميم المبانى الحجرية و الطنبية', 'RIN321', 9, 'ثاني', 'اجباري', 70, 20, 10),
(279, 'تطبيقات الفحص و التحليل للمبانى و المشغولات غير العضوية', 'RIN322', 9, 'ثاني', 'اجباري', 70, 20, 10),
(280, 'رسم صناعى و زخرفى', 'RIN323', 9, 'ثاني', 'اجباري', 70, 20, 10),
(281, 'التحكم البيئى و طرق العرض و التخزين', 'RIN324', 9, 'ثاني', 'اجباري', 70, 20, 10),
(282, 'مواصفات و كميات', 'RIN325', 9, 'ثاني', 'اجباري', 70, 20, 10),
(283, 'موضوعات متخصصة بلغة اجنبية (تسجيل و توثيق)', 'RIN326', 9, 'ثاني', 'اجباري', 70, 20, 10),
(284, 'ترميم صور جدارية فى المبانى', 'RIN327/1', 9, 'ثاني', 'اختياري', 70, 30, 0),
(285, 'علاج و صيانة الاثار المركبة', 'RIN327/2', 9, 'ثاني', 'اختياري', 70, 30, 0),
(286, 'اعداد و ادارة مشروعات صغيرة', 'RIN327/3', 9, 'ثاني', 'اختياري', 70, 30, 0),
(287, 'دباغات الجلود و صباغتها', 'ROR311', 10, 'اول', 'اجباري', 70, 20, 10),
(288, 'تقنيات زخرفة الجلود و المخطوطات الاثرية', 'ROR312', 10, 'اول', 'اجباري', 70, 20, 10),
(289, 'تقنيات الكليم و اشغال التريكو', 'ROR313', 10, 'اول', 'اجباري', 70, 20, 10),
(290, 'طرق فحص و تحليل الاثار و المقتنيات الخشبية', 'ROR314', 10, 'اول', 'اجباري', 70, 20, 10),
(291, 'تقنيات و علاج و صيانة بورتيهات الفيوم', 'ROR315', 10, 'اول', 'اجباري', 70, 20, 10),
(292, 'موضوعات متخصصة بلغة اجنبية (تاريخ و تقنيات المنسوجات)', 'ROR316', 10, 'اول', 'اجباري', 70, 20, 10),
(293, 'علم اللون و تطبيقاتة', 'ROR317/1', 10, 'اول', 'اختياري', 70, 30, 0),
(294, 'الارشفة و الرقمنة', 'ROR317/2', 10, 'اول', 'اختياري', 70, 30, 0),
(295, 'الاخشاب الصناعية (أنواعها و استخداماتها)', 'ROR317/3', 10, 'اول', 'اختياري', 70, 30, 0),
(296, 'تقنيات صناعة النسيج و السجاد', 'ROR321', 10, 'ثاني', 'اجباري', 70, 20, 10),
(297, 'صباغة الالياف النسيجية و لب الورق', 'ROR322', 10, 'ثاني', 'اجباري', 70, 20, 10),
(298, 'تطبيقات الكيمياء فى ترميم المشغزلات العضوية', 'ROR323', 10, 'ثاني', 'اجباري', 70, 20, 10),
(299, 'تطبيقات الفحص و التحليل للجلود و المخطوطات و العظام', 'ROR324', 10, 'ثاني', 'اجباري', 70, 20, 10),
(300, 'علاج و صيانة الاخشاب', 'ROR325', 10, 'ثاني', 'اجباري', 70, 20, 10),
(301, 'تقنيات و علاج و صيانة الايقونات الخسبية', 'ROR326', 10, 'ثاني', 'اجباري', 70, 20, 10),
(302, 'علاج و صيانة الجلود و العظام المستخرجة من بيئات رطبة', 'ROR327/1', 10, 'ثاني', 'اختياري', 70, 30, 0),
(303, 'ادارة ورش الخياطة و دور الازياء', 'ROR327/2', 10, 'ثاني', 'اختياري', 70, 30, 0),
(304, 'استخدامات الاخشاب فى التصميم الداخلى', 'ROR327/3', 10, 'ثاني', 'اختياري', 70, 30, 0),
(305, 'رسم حر و زخرفى', 'ROP311', 11, 'اول', 'اجباري', 70, 20, 10),
(306, 'التأثيرات المتلفة للحشرات و الكائنات الحية الدقيقة على اللوحات الفنية و طرق علاجها و صيانتها', 'ROP312', 11, 'اول', 'اجباري', 70, 20, 10),
(307, 'التسجيل و التوثيق للوحات الفنية الثابتة و المنقولة', 'ROP313', 11, 'اول', 'اجباري', 70, 20, 10),
(308, 'معايير و احتياطات الامن و السلامة فى مجال ترميم اللوحات الفنية', 'ROP314', 11, 'اول', 'اجباري', 70, 20, 10),
(309, 'الاسعافات الاولية للوحات الفنية فى الحفائر', 'ROP315', 11, 'اول', 'اجباري', 70, 20, 10),
(310, 'موضوعات متخصصة بلغة اجنبية (تطبيقات التكنولوجيا الحديثة فى ترميم اللوحات الفنية)', 'ROP316', 11, 'اول', 'اجباري', 70, 20, 10),
(311, 'تطبيقات البلازما و الانزيمات فى تنظيف اسطح اللوحات الفنية', 'ROP317/1', 11, 'اول', 'اختياري', 70, 30, 0),
(312, 'تطبيقات الليزر فى علاج و صيانة اللوحات الفنية', 'ROP317/2', 11, 'اول', 'اختياري', 70, 30, 0),
(313, 'تقنيات و علاج و صيانة الاسطح المعدنية الملونة', 'ROP317/3', 11, 'اول', 'اختياري', 70, 30, 0),
(314, 'تطبيقات الكيمياء فى مجال ترميم اللوحات الفنية', 'ROP321', 11, 'ثاني', 'اجباري', 70, 20, 10),
(315, 'تقنيات فحص و تحليل اللوحات الفنية الثابتة و المنقولة', 'ROP322', 11, 'ثاني', 'اجباري', 70, 20, 10),
(316, 'مبادىء اعداد و ادارة مشروعات ترميم اللوحات الفنية (مقياسات و مواصفات)', 'ROP323', 11, 'ثاني', 'اجباري', 70, 20, 10),
(317, 'تقنيات نقل و عرض و تخرين اللوحات الفنية', 'ROP324', 11, 'ثاني', 'اجباري', 70, 20, 10),
(318, 'تأريخ و كشف تزوير اللوحات الفنية', 'ROP325', 11, 'ثاني', 'اجباري', 70, 20, 10),
(319, 'موضوعات متخصصة بلغة اجنبية (دراسات تطبيقية فى ترميم اللوحات الفنية)', 'ROP326', 11, 'ثاني', 'اجباري', 70, 20, 10),
(320, 'تطبيقات تكنولوجيا النانو فى علاج و صيانة اللوحات الفنية', 'ROP327/1', 11, 'ثاني', 'اختياري', 70, 30, 0),
(321, 'علاج و صيانة اللوحات و النقوش الغارقة', 'ROP327/2', 11, 'ثاني', 'اختياري', 70, 30, 0),
(322, 'دور عيوب التصنيع و الترميم الخاطىء فى تلف اللوحات الفنية', 'ROP327/3', 11, 'ثاني', 'اختياري', 70, 30, 0),
(323, 'صلب و تدعيم المبانى', 'RHB411', 18, 'اول', 'اجباري', 70, 20, 10),
(324, 'ترميم وحدات انشائية و زخرفية', 'RHB412', 18, 'اول', 'اجباري', 70, 20, 10),
(325, 'التأهيل الداخلى للمبانى (ديكور - كهرباء - صحى)', 'RHB413', 18, 'اول', 'اجباري', 70, 20, 10),
(326, 'التحليل الانشائى للمبانى (1)', 'RHB414', 18, 'اول', 'اجباري', 70, 20, 10),
(327, 'تطبيقات الحاسب الالى فى ترميم المبانى', 'RHB415', 18, 'اول', 'اجباري', 70, 20, 10),
(328, 'موضوعات متخصصة بلغة اجنبية (فحص وتحليل)', 'RHB416', 18, 'اول', 'اجباري', 70, 20, 10),
(329, 'الجيولوجيا الهندسية للمواقع الاثرية', 'RHB417/1', 18, 'اول', 'اختياري', 70, 30, 0),
(330, 'ترميم المعادن فى المبانى', 'RHB417/2', 18, 'اول', 'اختياري', 70, 30, 0),
(331, 'تحديد المخاطر و ادارة الازمات', 'RHB417/3', 18, 'اول', 'اختياري', 70, 30, 0),
(332, 'ترميم الاخشاب المعمارية', 'RHB421', 18, 'ثاني', 'اجباري', 70, 20, 10),
(333, 'التأهيل الخارجى للمبانى (وجهات - جص)', 'RHB422', 18, 'ثاني', 'اجباري', 70, 20, 10),
(334, 'الامان الصناعى و المهنى فى ترميم المبانى', 'RHB423', 18, 'ثاني', 'اجباري', 70, 20, 10),
(335, 'التحليل الانشائى للمبانى (2)', 'RHB424', 18, 'ثاني', 'اجباري', 70, 20, 10),
(336, 'موضوعات متخصصة بلغة اجنبية(تقنيات متقدمة فى ترميم المبانى)', 'RHB425', 18, 'ثاني', 'اجباري', 70, 20, 10),
(337, 'مشروع التخرج', 'RHB426', 18, 'ثاني', 'اجباري', 150, 50, 0),
(338, 'الصيانة الوقائية للمبانى الاثرية', 'RHB427/1', 18, 'ثاني', 'اختياري', 70, 30, 0),
(339, 'استنساخ الوحدات المعمارية', 'RHB427/2', 18, 'ثاني', 'اختياري', 70, 30, 0),
(340, 'خرسانة و هياكل معدنية', 'RHB427/3', 18, 'ثاني', 'اختياري', 70, 30, 0),
(341, 'العرض و التخزين للمشغولات الفنية غير العضوية', 'RIA411', 19, 'اول', 'اجباري', 60, 20, 20),
(342, 'ترميم الاثار المنقولة الغارقة غير العضوية', 'RIA412', 19, 'اول', 'اجباري', 60, 20, 20),
(343, 'مظاهر و عوامل تلف المشغولات الزجاج  و الفخار', 'RIA413', 19, 'اول', 'اجباري', 60, 20, 20),
(344, 'مظاهر و عوامل تلف المشغولات الحجرية', 'RIA414', 19, 'اول', 'اجباري', 60, 20, 20),
(345, 'مظاهر و عوامل و تلف المشغولات المعدنية', 'RIA415', 19, 'اول', 'اجباري', 60, 20, 20),
(346, 'موضوعات متخصصة بلغة انجليزية (فحص و تحليل)', 'RIA416', 19, 'اول', 'اجباري', 60, 20, 20),
(347, 'الاسعافات الأولية للمشغولات غير العضوية', 'RIA417/1', 19, 'اول', 'اختياري', 60, 20, 20),
(348, 'تطبيقات الحاسب الالى فى ترميم المشغولات غير العضوية', 'RIA417/2', 19, 'اول', 'اختياري', 60, 20, 20),
(349, 'كشف الاصالة و التزوير للمشغولات الفنية غير العضوية', 'RIA417/3', 19, 'اول', 'اختياري', 60, 20, 20),
(350, 'علاج و صيانة المعادن و الحلى', 'RIA421', 19, 'ثاني', 'اجباري', 60, 20, 20),
(351, 'علاج و صيانة الخرف و الفخار', 'RIA422', 19, 'ثاني', 'اجباري', 60, 20, 20),
(352, 'علاج و صيانة المشغولات الفنية و الزجاجية', 'RIA423', 19, 'ثاني', 'اجباري', 60, 20, 20),
(353, 'علاج و صيانة المشغولات الفنية الحجرية', 'RIA424', 19, 'ثاني', 'اجباري', 60, 20, 20),
(354, 'موضوعات متخصصة بلغة انجليزية (عرض و تخرين)', 'RIA425', 19, 'ثاني', 'اجباري', 60, 20, 20),
(355, 'مشروع التخرج', 'RIA426', 19, 'ثاني', 'اجباري', 60, 20, 20),
(356, 'التلف البيولوجى و طرق العلاج', 'RIA427/1', 19, 'ثاني', 'اختياري', 60, 20, 20),
(357, 'البيئة الاثرية', 'RIA427/2', 19, 'ثاني', 'اختياري', 60, 20, 20),
(358, 'القوانين و التشريعات الدولية فى مجال ترميم المشغولات الفنية', 'RIA427/3', 19, 'ثاني', 'اختياري', 60, 20, 20),
(359, 'موضوعات فى علاج و صيانة الاخشاب بلغة اوربية', 'RWO411', 20, 'اول', 'اجباري', 60, 20, 20),
(360, 'تصميم و تنفيذ الاثاث الخشبيى', 'RWO412', 20, 'اول', 'اجباري', 60, 20, 20),
(361, 'مواد و خامات ترميم الاخشاب', 'RWO413', 20, 'اول', 'اجباري', 60, 20, 20),
(362, 'تقنيات صناعة المواد الأثنوجرافية', 'RWO414', 20, 'اول', 'اجباري', 60, 20, 20),
(363, 'علاج و صيانة العناصر الخشبية بالمبانى', 'RWO415', 20, 'اول', 'اجباري', 60, 20, 20),
(364, 'خامات تنجيد و تطعيم و زخرفة الاثاث الخشبى', 'RWO416', 20, 'اول', 'اجباري', 60, 20, 20),
(365, 'اعداد و ادارة المشروعات', 'RWO417/1', 20, 'اول', 'اختياري', 60, 20, 20),
(366, 'مهارات و كتابة البحث العلمى', 'RWO417/2', 20, 'اول', 'اختياري', 60, 20, 20),
(367, 'مقاومة التلف البيولوجى', 'RWO417/3', 20, 'اول', 'اختياري', 60, 20, 20),
(368, 'موضوعات فى استخدامات التقنيات الحديثة فى علاج الاخشاب بلغة اوربية', 'RWO421', 20, 'ثاني', 'اجباري', 60, 20, 20),
(369, 'علاج و صيانة الاثاث الخشبى', 'RWO422', 20, 'ثاني', 'اجباري', 60, 20, 20),
(370, 'علاج و صيانة المشغولات الخشبية المركبة', 'RWO423', 20, 'ثاني', 'اجباري', 60, 20, 20),
(371, 'الصيانة الوقائية للمشغولات الخشبية', 'RWO424', 20, 'ثاني', 'اجباري', 60, 20, 20),
(372, 'علاج و صيانة المواد الاثنوجرافية', 'RWO425', 20, 'ثاني', 'اجباري', 60, 20, 20),
(373, 'مشورع التخرج', 'RWO426', 20, 'ثاني', 'اجباري', 60, 20, 20),
(374, 'الاسعافات الاولية للاثار الخشبية المستخرجة من الحفائر', 'RWO427/1', 20, 'ثاني', 'اختياري', 60, 20, 20),
(375, 'علاج و صيانة الاثار الخشبية الغارقة', 'RWO427/2', 20, 'ثاني', 'اختياري', 60, 20, 20),
(376, 'معالجة الاسطح الخشبية', 'RWO427/3', 20, 'ثاني', 'اختياري', 60, 20, 20),
(377, 'اساليب تطريز المنسوجات', 'RTM411', 21, 'اول', 'اجباري', 70, 20, 10),
(378, 'فن تجليد المخطوطات', 'RTM412', 21, 'اول', 'اجباري', 70, 20, 10),
(379, 'تقنيات الطباعة على الورق و النسيج', 'RTM413', 21, 'اول', 'اجباري', 70, 20, 10),
(380, 'ترميم و حفظ المحنطات و المواد الانثوجرافية', 'RTM414', 21, 'اول', 'اجباري', 70, 20, 10),
(381, 'علاج و صيانة المخطوطات (1)', 'RTM415', 21, 'اول', 'اجباري', 70, 20, 10),
(382, 'موضوعات متخصصة بلغة اجنبية (موضوعات فى تلف و علاج المنسوجات و علاج و صيانة المخطوطات)', 'RTM416', 21, 'اول', 'اجباري', 70, 20, 10),
(383, 'مهارات كتابة البحث العلمى', 'RTM417/1', 21, 'اول', 'اختياري', 70, 30, 0),
(384, 'مقاومة التلف البيولوجى', 'RTM417/2', 21, 'اول', 'اختياري', 70, 30, 0),
(385, 'خامات و مواد المخطوطات و الجلود و العظام', 'RTM417/3', 21, 'اول', 'اختياري', 70, 30, 0),
(386, 'علاج و صيانة المشغولات الجلدية و العظام', 'RTM421', 21, 'ثاني', 'اجباري', 70, 20, 10),
(387, 'علاج و صيانة المخطوطات (2)', 'RTM422', 21, 'ثاني', 'اجباري', 70, 20, 10),
(388, 'اساليب العرض و التخزين', 'RTM423', 21, 'ثاني', 'اجباري', 70, 20, 10),
(389, 'علاج و صيانة المنسوجات و السجاد', 'RTM424', 21, 'ثاني', 'اجباري', 70, 20, 10),
(390, 'موضوعات متخصة بلغة اجنبية (علاج و صيانة المخطوطات )', 'RTM425', 21, 'ثاني', 'اجباري', 70, 20, 10),
(391, 'مشروع التخرج', 'RTM426', 21, 'ثاني', 'اجباري', 150, 50, 0),
(392, 'اساليب تدهيب المخطوطات و الجلود', 'RTM427/1', 21, 'ثاني', 'اختياري', 70, 30, 0),
(393, 'تصميم و حياكة الملابس', 'RTM427/2', 21, 'ثاني', 'اختياري', 70, 30, 0),
(394, 'تقنيات المخطوطات المنفذة على ورق الابيرو', 'RTM427/3', 21, 'ثاني', 'اختياري', 70, 30, 0),
(395, 'عوامل و مظاهر تلف الجداريات بالبيئات المختلفة', 'RMO411', 22, 'اول', 'اجباري', 60, 20, 20),
(396, 'علاج و صيانة لوحات التمبرا الجدارية', 'RMO412', 22, 'اول', 'اجباري', 60, 20, 20),
(397, 'علاج و صيانة لوحات الفسيفساء الجدارية', 'RMO413', 22, 'اول', 'اجباري', 60, 20, 20),
(398, 'تقنيات و علاج و صيانة لوحات الإسكاجيولا', 'RMO414', 22, 'اول', 'اجباري', 60, 20, 20),
(399, 'علاج و صيانة الوحدات الزخرفية و التكسيات الحجرية على الحوائط الاثرية', 'RMO415', 22, 'اول', 'اجباري', 60, 20, 20),
(400, 'موضوعات متخصصة بلغة اوربية (عاومل تلف الوحات الجدارية)', 'RMO416', 22, 'اول', 'اجباري', 60, 20, 20),
(401, 'تقنيات و علاج و صيانة لوحات الجرافيت', 'RMO417/1', 22, 'اول', 'اختياري', 60, 20, 20),
(402, 'تقنيات و علاج و صيانة الرسوم و النقوش الصخرية', 'RMO417/2', 22, 'اول', 'اختياري', 60, 20, 20),
(403, 'تقنيات و علاج و صيانة اللوحات الزيتية الجدارية', 'RMO417/3', 22, 'اول', 'اختياري', 60, 20, 20),
(404, 'تقنيات و علاج و صيانة الاسطح الزخرافية الجصية', 'RMO421', 22, 'ثاني', 'اجباري', 60, 20, 20),
(405, 'علاج و صيانة لوحات الفريسكو الجدارية', 'RMO422', 22, 'ثاني', 'اجباري', 60, 20, 20),
(406, 'تكنولوجيا المواد و الخامات المستخدمة فى علاج و صيانة الجداريات', 'RMO423', 22, 'ثاني', 'اجباري', 60, 20, 20),
(407, 'اساليب النزع و تقنيات الحوامل البديلة للجداريات الثابتة و المنقولة', 'RMO424', 22, 'ثاني', 'اجباري', 60, 20, 20),
(408, 'موضوعات متخصصة بلغة اوربية (المدارس الفنية فى استكمال الجداريات)', 'RMO425', 22, 'ثاني', 'اجباري', 60, 20, 20),
(409, 'مشروع التخرج', 'RMO426', 22, 'ثاني', 'اجباري', 60, 20, 20),
(410, 'تقنيات و علاج و صيانة لوحات المانديلا', 'RMO427/1', 22, 'ثاني', 'اختياري', 60, 20, 20),
(411, 'تقنيات و علاج و صيانة الفسيفساء الارضية', 'RMO427/2', 22, 'ثاني', 'اختياري', 60, 20, 20),
(412, 'تقنيات و علاج و صيانة النقوش الجدارية', 'RMO427/3', 22, 'ثاني', 'اختياري', 60, 20, 20),
(413, 'عوامل و مظاهر تلف اللوحات الزيتية و الايقونات بالبيئات المختلفة', 'RPI411', 23, 'اول', 'اجباري', 70, 20, 10),
(414, 'علاج و صيانة اللوحات الزيتية المنفذة على حوامل الكانفاس', 'RPI412', 23, 'اول', 'اجباري', 70, 20, 10),
(415, 'تقنيات و علاج و صيانة الايقونات الخشبية', 'RPI413', 23, 'اول', 'اجباري', 70, 20, 10),
(416, 'تكنولوحيا المواد و الخامات المستخدمة فى علاج و صيانة اللوحات الزيتية و الايقونات', 'RPI414', 23, 'اول', 'اجباري', 70, 20, 10),
(417, 'تقنيات و علاج و صيانة لوحات التصوير الشمعى', 'RPI415', 23, 'اول', 'اجباري', 70, 20, 10),
(418, 'موضوعات متخصصة بلغة اوربية (تنظيف و تقوية اللوحات الزيتية و الايقونات)', 'RPI416', 23, 'اول', 'اجباري', 70, 20, 10),
(419, 'تقنيات و علاج و صيانة اللوحات الزيتية الجدارية', 'RPI417/1', 23, 'اول', 'اختياري', 70, 30, 0),
(420, 'مدارس التصوير الزيتى', 'RPI417/2', 23, 'اول', 'اختياري', 70, 30, 0),
(421, 'تقنيات و علاج و صيانة اللوحات النسيجية', 'RPI417/3', 23, 'اول', 'اختياري', 70, 30, 0),
(422, 'تقنيات و علاج و صيانة اللوحات الزيتية المنفذة على حوامل خشبية (اللاكر)', 'RPI421', 23, 'ثاني', 'اجباري', 70, 20, 10),
(423, 'تقنيات و علاج و صيانة اللوحات الزيتية المنفذة على حوامل ورقية', 'RPI422', 23, 'ثاني', 'اجباري', 70, 20, 10),
(424, 'تقنيات و علاج و صيانة الايقونات المنفذة على حوامل الكانفاس', 'RPI423', 23, 'ثاني', 'اجباري', 70, 20, 10),
(425, 'تقنيات و علاج و صيانة البورتيهات الاثرية', 'RPI424', 23, 'ثاني', 'اجباري', 70, 20, 10),
(426, 'موضوعات متخصصة بلغة اوربية (دراسات تطبيقية لعمليات نزع اللوحات الزيتية و الايقونات )', 'RPI425', 23, 'ثاني', 'اجباري', 70, 20, 10),
(427, 'مشروع التخرج', 'RPI426', 23, 'ثاني', 'اجباري', 150, 50, 0),
(428, 'تقنيات و علاج و صيانة الايقونات الخشبية', 'RPI427/1', 23, 'ثاني', 'اختياري', 70, 30, 0),
(429, 'تقنيات و مدارس استكمال اللوحات الزيتية و الايقونات', 'RPI427/2', 23, 'ثاني', 'اختياري', 70, 30, 0),
(430, 'اساليب النزع و تقنيات الحوامل البديلة للوحات الزيتية و الايقونات', 'RPI427/3', 23, 'ثاني', 'اختياري', 70, 30, 0),
(432, 'خدمات الضيافه الجويه و البحريه', 'HTA411', 24, 'اول', 'اجباري', 140, 60, 0),
(433, 'اتيكيت و بروتوكول', 'HTM412', 24, 'اول', 'اجباري', 70, 30, 0),
(434, 'ثقافه و عادات الشعوب', 'HTA412', 24, 'اول', 'اجباري', 70, 30, 0),
(435, 'اعداد وتموين الاغذية والمشروبات', 'HTM415/2', 24, 'اول', 'اجباري', 70, 30, 0),
(436, 'اداره الازمات السياحيه', 'TOT415/3', 24, 'اول', 'اختياري', 70, 30, 0),
(437, 'الاسواق الحره', 'HTA413/1', 24, 'اول', 'اختياري', 70, 30, 0),
(438, 'الجغرافيا السياحيه العالميه', 'HTA413/2', 24, 'اول', 'اختياري', 70, 30, 0),
(439, 'لعه اولي', 'THG416', 24, 'اول', 'اجباري', 50, 30, 20),
(440, 'اللغه الاجنبيه الثانيه المتخصصه (ايطالي)', 'THG417/1', 24, 'اول', 'اختياري', 50, 30, 20),
(441, 'اللغه الاجنبيه الثانيه المتخصصه (فرنسي)', 'THG417/2', 24, 'اول', 'اختياري', 50, 30, 20),
(442, 'اداره الامن و السلامه الجويه و البحريه', 'TOT425/3', 24, 'ثاني', 'اجباري', 70, 30, 0),
(443, 'الاسعافات الاوليه', 'HTM425/3', 24, 'ثاني', 'اجباري', 70, 30, 0),
(444, 'رضاء العميل', 'TOM423', 24, 'ثاني', 'اجباري', 70, 30, 0),
(445, 'مهارات الاتصال و التفاوض', 'HTA421', 24, 'ثاني', 'اجباري', 70, 30, 0),
(446, 'اداره الخطر و التامين', 'HTM425/1', 24, 'ثاني', 'اختياري', 70, 30, 0),
(447, 'اداره الامن الفندقي', 'HTM425/2', 24, 'ثاني', 'اختياري', 70, 30, 0),
(448, 'اداره المطارات و المواني', 'TOM421', 24, 'ثاني', 'اختياري', 70, 30, 0),
(449, 'اللغة الاجنبية الاولي المتخصصة', 'THG426', 24, 'ثاني', 'اختياري', 50, 30, 20),
(450, 'اللغه الاجنبيه الثانيه المتخصصه (ايطالي)', 'THG427/1', 24, 'ثاني', 'اختياري', 50, 30, 20),
(451, 'اللغه الاجنبيه الثانيه المتخصصه (فرنسي)', 'THG427/2', 24, 'ثاني', 'اختياري', 50, 30, 20);

-- --------------------------------------------------------

--
-- Table structure for table `trace`
--

CREATE TABLE `trace` (
  `id` int(11) NOT NULL,
  `yearsemester_id` int(11) NOT NULL,
  `action` varchar(24) NOT NULL,
  `created_at` timestamp NOT NULL DEFAULT current_timestamp(),
  `updated_at` timestamp NULL DEFAULT NULL
) ENGINE=InnoDB DEFAULT CHARSET=utf8mb4 COLLATE=utf8mb4_general_ci;

--
-- Dumping data for table `trace`
--

INSERT INTO `trace` (`id`, `yearsemester_id`, `action`, `created_at`, `updated_at`) VALUES
(1, 2, 'add_bonus', '2023-06-18 10:26:11', NULL),
(2, 2, 'up_level', '2023-06-19 11:12:45', '2023-06-19 11:12:45'),
(3, 3, 'second_attempt_add_bonus', '2023-06-19 11:12:55', '2023-06-19 11:12:55'),
(4, 3, 'second_attempt_up_level', '2023-06-19 11:13:05', '2023-06-19 11:13:05'),
(9, 5, 'add_bonus', '2023-11-15 15:08:08', '2023-11-15 15:08:08'),
(10, 5, 'up_level', '2023-11-15 15:08:20', '2023-11-15 15:08:20');

-- --------------------------------------------------------

--
-- Table structure for table `users`
--

CREATE TABLE `users` (
  `id` bigint(20) UNSIGNED NOT NULL,
  `name` varchar(255) NOT NULL,
  `email` varchar(255) NOT NULL,
  `email_verified_at` timestamp NULL DEFAULT NULL,
  `password` varchar(255) NOT NULL,
  `remember_token` varchar(100) DEFAULT NULL,
  `created_at` timestamp NULL DEFAULT NULL,
  `updated_at` timestamp NULL DEFAULT NULL
) ENGINE=InnoDB DEFAULT CHARSET=utf8mb4 COLLATE=utf8mb4_unicode_ci;

--
-- Dumping data for table `users`
--

INSERT INTO `users` (`id`, `name`, `email`, `email_verified_at`, `password`, `remember_token`, `created_at`, `updated_at`) VALUES
(1, 'Admin', 'admin@app.com', NULL, '$2y$10$YNCRueOsQQ86HW2Z3wypkeIQgexUoiM0xtg7do8yyv.DFkO3FmGZW', 'QDqM02ezQymlCwuQcxM0OxlxWa86MRDfeFyQ6ypxjVw2wKQqCc6ZBmnkbRg1', '2023-01-10 08:16:13', '2023-01-10 08:16:13'),
(2, 'Admin2', 'admin2@app.com', NULL, '$2y$10$6Oabew1vnnbuzUFsogaKMOLb2SxBzdr7Ep9xyRiXmAWL.HsERisNi', NULL, '2023-01-10 08:16:13', NULL);

-- --------------------------------------------------------

--
-- Table structure for table `yearsemester`
--

CREATE TABLE `yearsemester` (
  `id` int(11) NOT NULL,
  `year` varchar(9) NOT NULL,
  `semester` varchar(8) NOT NULL
) ENGINE=InnoDB DEFAULT CHARSET=utf8mb4 COLLATE=utf8mb4_general_ci;

--
-- Dumping data for table `yearsemester`
--

INSERT INTO `yearsemester` (`id`, `year`, `semester`) VALUES
(1, '2020/2021', 'اول'),
(2, '2020/2021', 'ثاني'),
(3, '2020/2021', 'دور تاني'),
(4, '2021/2022', 'اول'),
(5, '2021/2022', 'ثاني'),
(6, '2021/2022', 'دور تاني'),
(7, '2022/2023', 'اول'),
(8, '2022/2023', 'ثاني'),
(9, '2022/2023', 'دور تاني');

-- --------------------------------------------------------

--
-- Table structure for table `yearsemester_student`
--

CREATE TABLE `yearsemester_student` (
  `id` int(11) NOT NULL,
  `student_id` int(11) NOT NULL,
  `yearsemester_id` int(11) NOT NULL,
  `group_id` int(11) NOT NULL,
  `department_id` int(11) NOT NULL,
  `specialize_id` int(11) NOT NULL,
  `studystatus_id` int(11) NOT NULL,
  `site_no` varchar(10) NOT NULL
) ENGINE=InnoDB DEFAULT CHARSET=utf8mb4 COLLATE=utf8mb4_general_ci;

--
-- Dumping data for table `yearsemester_student`
--

INSERT INTO `yearsemester_student` (`id`, `student_id`, `yearsemester_id`, `group_id`, `department_id`, `specialize_id`, `studystatus_id`, `site_no`) VALUES
(1, 1, 5, 1, 5, 1, 1, '801'),
(2, 2, 5, 1, 5, 1, 1, '802'),
(3, 3, 5, 1, 5, 1, 1, '803'),
(4, 4, 5, 1, 5, 1, 1, '804'),
(5, 5, 5, 1, 5, 1, 1, '805'),
(6, 6, 5, 1, 5, 1, 1, '806'),
(7, 7, 5, 1, 5, 1, 1, '807'),
(8, 8, 5, 1, 5, 1, 1, '808'),
(9, 9, 5, 1, 5, 1, 1, '809'),
(10, 10, 5, 1, 5, 1, 1, '810'),
(11, 11, 5, 1, 5, 1, 1, '811'),
(12, 12, 5, 1, 5, 1, 1, '812'),
(13, 13, 5, 1, 5, 1, 1, '813'),
(14, 14, 5, 1, 5, 1, 1, '814'),
(15, 15, 5, 1, 5, 1, 1, '815'),
(16, 16, 5, 1, 5, 1, 1, '816'),
(17, 17, 5, 1, 5, 1, 1, '817'),
(18, 18, 5, 1, 5, 1, 1, '818'),
(19, 19, 5, 1, 5, 1, 1, '819'),
(20, 20, 5, 1, 5, 1, 1, '820'),
(21, 21, 5, 1, 5, 1, 1, '821'),
(22, 22, 5, 1, 5, 1, 1, '822'),
(23, 23, 5, 1, 5, 1, 1, '823'),
(24, 24, 5, 1, 5, 1, 1, '824'),
(25, 25, 5, 1, 5, 1, 1, '825'),
(26, 26, 5, 1, 5, 1, 1, '826'),
(27, 27, 5, 1, 5, 1, 1, '827'),
(28, 28, 5, 1, 5, 1, 1, '828'),
(29, 29, 5, 1, 5, 1, 1, '829'),
(30, 30, 5, 1, 5, 1, 1, '830'),
(31, 31, 5, 1, 5, 1, 1, '831'),
(32, 32, 5, 1, 5, 1, 1, '832'),
(33, 33, 5, 1, 5, 1, 1, '833'),
(34, 34, 5, 1, 5, 1, 1, '834'),
(35, 35, 5, 1, 5, 1, 1, '835'),
(36, 36, 5, 1, 5, 1, 1, '836'),
(37, 37, 5, 1, 5, 1, 1, '837'),
(38, 38, 5, 1, 5, 1, 1, '838'),
(39, 39, 5, 1, 5, 1, 1, '839'),
(40, 40, 5, 1, 5, 1, 1, '840'),
(41, 41, 5, 1, 5, 1, 1, '841'),
(42, 42, 5, 1, 5, 1, 1, '842'),
(43, 43, 5, 1, 5, 1, 1, '843'),
(44, 44, 5, 1, 5, 1, 1, '844'),
(45, 45, 5, 1, 5, 1, 1, '845'),
(46, 46, 5, 1, 5, 1, 1, '846'),
(47, 47, 5, 1, 5, 1, 1, '847'),
(48, 48, 5, 1, 5, 1, 1, '848'),
(49, 49, 5, 1, 5, 1, 1, '849'),
(50, 50, 5, 1, 5, 1, 1, '850'),
(51, 51, 5, 1, 5, 1, 1, '851'),
(52, 52, 5, 1, 5, 1, 1, '852'),
(53, 53, 5, 1, 5, 1, 1, '853'),
(54, 54, 5, 1, 5, 1, 1, '854'),
(55, 55, 5, 1, 5, 1, 1, '855'),
(56, 56, 5, 1, 5, 1, 1, '856'),
(57, 57, 5, 1, 5, 1, 1, '857'),
(58, 58, 5, 1, 5, 1, 1, '858'),
(59, 59, 5, 1, 5, 1, 1, '859'),
(60, 60, 5, 1, 5, 1, 1, '860'),
(61, 61, 5, 1, 5, 1, 1, '861'),
(62, 62, 5, 1, 5, 1, 1, '862'),
(63, 63, 5, 1, 5, 1, 1, '863'),
(64, 64, 5, 1, 5, 1, 1, '864'),
(65, 65, 5, 1, 5, 1, 1, '865'),
(66, 66, 5, 1, 5, 1, 1, '866'),
(67, 67, 5, 1, 5, 1, 1, '867'),
(68, 68, 5, 1, 5, 1, 1, '868'),
(69, 69, 5, 1, 5, 1, 1, '869'),
(70, 70, 5, 1, 5, 1, 1, '870'),
(71, 71, 5, 1, 5, 1, 1, '871'),
(72, 72, 5, 1, 5, 1, 1, '872'),
(73, 73, 5, 1, 5, 1, 1, '873'),
(74, 74, 5, 1, 5, 1, 1, '874'),
(75, 75, 5, 1, 5, 1, 1, '875'),
(76, 76, 5, 1, 5, 1, 1, '876'),
(77, 77, 5, 1, 5, 1, 1, '877'),
(78, 78, 5, 1, 5, 1, 1, '878'),
(79, 79, 5, 1, 5, 1, 1, '879'),
(80, 80, 5, 1, 5, 1, 1, '880'),
(81, 81, 5, 1, 5, 1, 1, '881'),
(82, 82, 5, 1, 5, 1, 1, '882'),
(83, 83, 5, 1, 5, 1, 1, '883'),
(84, 84, 5, 1, 5, 1, 1, '884'),
(85, 85, 5, 1, 5, 1, 1, '885'),
(86, 86, 5, 1, 5, 1, 1, '886'),
(87, 87, 5, 1, 5, 1, 1, '887'),
(88, 88, 5, 1, 5, 1, 1, '888'),
(89, 89, 5, 1, 5, 1, 1, '889'),
(90, 90, 5, 1, 5, 1, 1, '890'),
(91, 91, 5, 1, 5, 1, 1, '891'),
(92, 92, 5, 1, 5, 1, 1, '892'),
(93, 93, 5, 1, 5, 1, 1, '893'),
(94, 94, 5, 1, 5, 1, 1, '894'),
(95, 95, 5, 1, 5, 1, 1, '895'),
(96, 96, 5, 1, 5, 1, 1, '896'),
(97, 97, 5, 1, 5, 1, 1, '897'),
(98, 98, 5, 1, 5, 1, 1, '898'),
(99, 99, 5, 1, 5, 1, 1, '899');

--
-- Indexes for dumped tables
--

--
-- Indexes for table `bonus_degrees`
--
ALTER TABLE `bonus_degrees`
  ADD PRIMARY KEY (`id`);

--
-- Indexes for table `departments`
--
ALTER TABLE `departments`
  ADD PRIMARY KEY (`id`),
  ADD UNIQUE KEY `name` (`name`);

--
-- Indexes for table `failed_jobs`
--
ALTER TABLE `failed_jobs`
  ADD PRIMARY KEY (`id`),
  ADD UNIQUE KEY `failed_jobs_uuid_unique` (`uuid`);

--
-- Indexes for table `groups`
--
ALTER TABLE `groups`
  ADD PRIMARY KEY (`id`);

--
-- Indexes for table `migrations`
--
ALTER TABLE `migrations`
  ADD PRIMARY KEY (`id`);

--
-- Indexes for table `password_resets`
--
ALTER TABLE `password_resets`
  ADD KEY `password_resets_email_index` (`email`);

--
-- Indexes for table `pivot_gds`
--
ALTER TABLE `pivot_gds`
  ADD PRIMARY KEY (`id`),
  ADD UNIQUE KEY `group_id` (`group_id`,`department_id`,`specialize_id`);

--
-- Indexes for table `results`
--
ALTER TABLE `results`
  ADD PRIMARY KEY (`id`),
  ADD UNIQUE KEY `yearsemester_id` (`yearsemester_id`,`students_id`,`subjects_id`);

--
-- Indexes for table `result_transfer_students`
--
ALTER TABLE `result_transfer_students`
  ADD PRIMARY KEY (`id`);

--
-- Indexes for table `semester_subject_count`
--
ALTER TABLE `semester_subject_count`
  ADD PRIMARY KEY (`id`),
  ADD UNIQUE KEY `gds_id` (`gds_id`,`term`);

--
-- Indexes for table `specializes`
--
ALTER TABLE `specializes`
  ADD PRIMARY KEY (`id`);

--
-- Indexes for table `students`
--
ALTER TABLE `students`
  ADD PRIMARY KEY (`id`);

--
-- Indexes for table `studystatuses`
--
ALTER TABLE `studystatuses`
  ADD PRIMARY KEY (`id`);

--
-- Indexes for table `subjects`
--
ALTER TABLE `subjects`
  ADD PRIMARY KEY (`id`),
  ADD UNIQUE KEY `code_subject` (`code_subject`,`gds_id`);

--
-- Indexes for table `trace`
--
ALTER TABLE `trace`
  ADD PRIMARY KEY (`id`),
  ADD UNIQUE KEY `yearsemester_id` (`yearsemester_id`,`action`);

--
-- Indexes for table `users`
--
ALTER TABLE `users`
  ADD PRIMARY KEY (`id`),
  ADD UNIQUE KEY `users_email_unique` (`email`);

--
-- Indexes for table `yearsemester`
--
ALTER TABLE `yearsemester`
  ADD PRIMARY KEY (`id`),
  ADD UNIQUE KEY `year` (`year`,`semester`);

--
-- Indexes for table `yearsemester_student`
--
ALTER TABLE `yearsemester_student`
  ADD PRIMARY KEY (`id`),
  ADD UNIQUE KEY `student_id` (`student_id`,`yearsemester_id`);

--
-- AUTO_INCREMENT for dumped tables
--

--
-- AUTO_INCREMENT for table `bonus_degrees`
--
ALTER TABLE `bonus_degrees`
  MODIFY `id` int(11) NOT NULL AUTO_INCREMENT, AUTO_INCREMENT=3;

--
-- AUTO_INCREMENT for table `departments`
--
ALTER TABLE `departments`
  MODIFY `id` int(11) NOT NULL AUTO_INCREMENT, AUTO_INCREMENT=9;

--
-- AUTO_INCREMENT for table `failed_jobs`
--
ALTER TABLE `failed_jobs`
  MODIFY `id` bigint(20) UNSIGNED NOT NULL AUTO_INCREMENT;

--
-- AUTO_INCREMENT for table `groups`
--
ALTER TABLE `groups`
  MODIFY `id` int(11) NOT NULL AUTO_INCREMENT, AUTO_INCREMENT=6;

--
-- AUTO_INCREMENT for table `migrations`
--
ALTER TABLE `migrations`
  MODIFY `id` int(10) UNSIGNED NOT NULL AUTO_INCREMENT, AUTO_INCREMENT=5;

--
-- AUTO_INCREMENT for table `pivot_gds`
--
ALTER TABLE `pivot_gds`
  MODIFY `id` int(11) NOT NULL AUTO_INCREMENT, AUTO_INCREMENT=25;

--
-- AUTO_INCREMENT for table `results`
--
ALTER TABLE `results`
  MODIFY `id` int(11) NOT NULL AUTO_INCREMENT, AUTO_INCREMENT=1387;

--
-- AUTO_INCREMENT for table `result_transfer_students`
--
ALTER TABLE `result_transfer_students`
  MODIFY `id` int(11) NOT NULL AUTO_INCREMENT;

--
-- AUTO_INCREMENT for table `semester_subject_count`
--
ALTER TABLE `semester_subject_count`
  MODIFY `id` int(11) NOT NULL AUTO_INCREMENT, AUTO_INCREMENT=8;

--
-- AUTO_INCREMENT for table `specializes`
--
ALTER TABLE `specializes`
  MODIFY `id` int(11) NOT NULL AUTO_INCREMENT, AUTO_INCREMENT=25;

--
-- AUTO_INCREMENT for table `students`
--
ALTER TABLE `students`
  MODIFY `id` int(11) NOT NULL AUTO_INCREMENT, AUTO_INCREMENT=100;

--
-- AUTO_INCREMENT for table `studystatuses`
--
ALTER TABLE `studystatuses`
  MODIFY `id` int(11) NOT NULL AUTO_INCREMENT, AUTO_INCREMENT=4;

--
-- AUTO_INCREMENT for table `subjects`
--
ALTER TABLE `subjects`
  MODIFY `id` int(11) NOT NULL AUTO_INCREMENT, AUTO_INCREMENT=452;

--
-- AUTO_INCREMENT for table `trace`
--
ALTER TABLE `trace`
  MODIFY `id` int(11) NOT NULL AUTO_INCREMENT, AUTO_INCREMENT=11;

--
-- AUTO_INCREMENT for table `users`
--
ALTER TABLE `users`
  MODIFY `id` bigint(20) UNSIGNED NOT NULL AUTO_INCREMENT, AUTO_INCREMENT=3;

--
-- AUTO_INCREMENT for table `yearsemester`
--
ALTER TABLE `yearsemester`
  MODIFY `id` int(11) NOT NULL AUTO_INCREMENT, AUTO_INCREMENT=10;

--
-- AUTO_INCREMENT for table `yearsemester_student`
--
ALTER TABLE `yearsemester_student`
  MODIFY `id` int(11) NOT NULL AUTO_INCREMENT, AUTO_INCREMENT=100;
COMMIT;

/*!40101 SET CHARACTER_SET_CLIENT=@OLD_CHARACTER_SET_CLIENT */;
/*!40101 SET CHARACTER_SET_RESULTS=@OLD_CHARACTER_SET_RESULTS */;
/*!40101 SET COLLATION_CONNECTION=@OLD_COLLATION_CONNECTION */;
